,region,hazard,rp,hhid,helped_cat,affected_cat,pcwgt,pcexp,pcsoc,c,pov_line,k,optimal_hh_reco_rate,dk_private,dk_public,dk0,scale_fac_soc,di0_pub,hh_reco_rate,dc0_prv,dc0_pub,dc0,welf_class,c_min,sub_savings_q1,sub_savings_q3,dw,const,integ,t_start_prv_reco,t_pov_inc,t_pov_cons,dk_prv_t,sav_f,sav_i,sav_offset_to,t_exhaust_sav,intermed_sf_num,di_t,di_prv_t,di_pub_t,dc_t,dc_net,sav_delta,dc_net_t0
620524,III - Central Luzon,EQ,2000,37181808109,helped,a,2923.4756599999996,27272.456987713555,0.0,9107.886699999995,22302.6775,35281.996271459284,0.0050000000000000044,32048,1469,33517.0,0.050287399285172917,379.21566170344715,0.016,8433.285286774726,379.21566170344715,8812.500948478173,0,15573.959716184301,500.0,50.0,0,0.02095661746191411,0.45277809246367395,-1,0.13487475915221578,0.13487475915221578,32048.0,0.0,4.2,0.0,10.0,97444985.91620624,8604.48,8273.05,331.43,9117.25,8610.92,0.0,8652.27
