district,hazard,rp,hhid,affected_cat,helped_cat,index,N_children,c,c_min,const,dc0,dc0_prv,dc0_pub,dc_net,dc_net_t0,dc_pre_reco,dc_t,di0_pub,di_prv_t,di_pub_t,di_t,dk0,dk_private,dk_prv_t,dk_public,dw,dw_curr_no_clip,frac_remittance,gsp_samurdhi,help_fee,hh_reco_rate,integ,intermed_sf_num,k,optimal_hh_reco_rate,pc_fee,pcsamurdhi,pcsoc,pcwgt,pov_line,sav_delta,sav_f,sav_i,sav_offset_to,scale_fac_soc,sub_savings_q1,sub_savings_q3,t_exhaust_sav,t_pov_cons,t_pov_inc,t_start_prv_reco,welf_class,wprime_hh,dw_curr,dw_tot
Kalutara,PF,25.0,13212571,a,helped,106265,0.0,48210.139428191906,45477.532103761216,0.009108792353886399,40470.49740987906,40470.49740987906,0.0,40469.5,0.0,0.0,40469.5,0.0,40469.5,0.0,40469.5,125728.0,125728.0,125728.0,0.0,0.04889602222035559,4449140.495022518,0.0,0.0,,0.0,7.137496708573608,4152617.007598719,149776.12270885444,0.035,,0.0,0.0,33.02857762470348,54613.07555852637,0.0,-5.60476109967567e-11,4025.69,0.0,1.9500327848412382e-05,1.0,1.0,10.0,10.019267822736055,10.019267822736055,-1.0,3.0,9.446967444943582e-08,3346130.9051978737,110517944.34474729
Kalutara,PF,250.0,13212571,a,helped,111125,0.0,48210.139428191906,45477.532103761216,0.009108792353886399,37878.70884134742,37878.70884134742,0.0,37877.71,0.0,0.0,37877.71,0.0,37877.71,0.0,37877.71,117676.0,117676.0,117676.0,0.0,0.04889602222035559,3446277.368134621,0.0,0.0,,0.0,5.5286618616362855,5766325.122807691,149776.12270885444,0.045,,0.0,0.0,49.00170912342101,54613.07555852637,0.0,2.4570567802584264e-11,4029.84,0.0,2.744865734677673e-05,1.0,1.0,10.0,10.019267822736055,10.019267822736055,-1.0,3.0,9.446967444943582e-08,3346130.9051978737,163966133.30539563
