district,hazard,rp,hhid,affected_cat,helped_cat,index,N_children,c,c_min,const,dc0,dc0_prv,dc0_pub,dc_net,dc_net_t0,dc_pre_reco,dc_t,di0_pub,di_prv_t,di_pub_t,di_t,dk0,dk_private,dk_prv_t,dk_public,dw,dw_curr_no_clip,ethnicity,frac_remittance,gsp_samurdhi,help_fee,hh_reco_rate,integ,intermed_sf_num,k,optimal_hh_reco_rate,pc_fee,pcsamurdhi,pcsoc,pcwgt,pov_line,sav_delta,sav_f,sav_i,sav_offset_to,scale_fac_soc,sub_savings_q1,sub_savings_q3,t_exhaust_sav,t_pov_cons,t_pov_inc,t_start_prv_reco,welf_class,wprime_hh,dw_curr,dw_tot
Puttalam,PF,5,6221521,a,helped,207106,0.0,127939.73645905891,45477.532103761216,0.00559148635952196,106208.29932836034,106208.29932836034,0.0,106207.3,0.0,0.0,106207.3,0.0,106207.3,0.0,106207.3,330357.0,330357.0,330357.0,0.0,0.04937313302479527,3282517.345498882,1.0,0.0,0.0,,0.0,8.832056386218166,5593142.722587529,397955.5810635247,0.035,,0.0,0.0,16.93060150863317,50905.50685142814,0.0,4.547473508864641e-13,10670.69,0.0,1.4581934627252043e-05,1.0,1.0,10.0,9.922928709055897,10.019267822736055,-1.0,3.0,2.185203172319826e-08,3281773.573747867,55562400.61868811
Trincomalee,PF,5,5326031,a,helped,230962,0.0,52765.89130841567,45477.532103761216,0.008706695505818714,42741.943857622595,42741.943857622595,0.0,42740.83,0.0,0.0,42740.83,0.0,42740.83,0.0,42740.83,132945.0,132945.0,132945.0,0.0,0.04937313302479527,3571203.8772172215,2.0,0.0,0.0,,0.0,6.170826859368827,3125375.67790964,159462.176166974,0.035,,0.0,1500.0,23.50878692624499,51658.79065223539,0.0,8.667200290801702e-11,4398.39,0.0,6.215987427399989e-06,1.0,1.0,10.0,8.36223506743735,10.019267822736055,-1.0,3.0,8.25030648580182e-08,3281773.573747867,77150515.68542016
