district,hazard,rp,hhid,affected_cat,helped_cat,index,N_children,c,c_min,const,dc0,dc0_prv,dc0_pub,dc_net,dc_net_t0,dc_pre_reco,dc_t,di0_pub,di_prv_t,di_pub_t,di_t,dk0,dk_private,dk_prv_t,dk_public,dw,dw_curr_no_clip,ethnicity,frac_remittance,gsp_samurdhi,help_fee,hh_reco_rate,integ,intermed_sf_num,k,optimal_hh_reco_rate,pc_fee,pcsamurdhi,pcsoc,pcwgt,pov_line,sav_delta,sav_f,sav_i,sav_offset_to,scale_fac_soc,sub_savings_q1,sub_savings_q3,t_exhaust_sav,t_pov_cons,t_pov_inc,t_start_prv_reco,welf_class,wprime_hh,dw_curr,dw_tot
Kalutara,PF,10,13212571,a,helped,112481,0.0,48210.03660827433,45477.532103761216,0.009108802067266076,38113.27905598107,38113.27905598107,0.0,38112.28,0.0,0.0,38112.28,0.0,38112.28,0.0,38112.28,118405.0,118405.0,118405.0,0.0,0.04889543076472289,3521520.238907492,1.0,0.0,0.0,,0.0,5.649158583311296,3355662.2919256347,149776.12270885444,0.04500000000000001,,0.0,0.0,28.340545516875427,54613.07555852637,0.0,1.3512391205949825e-10,4019.83,0.0,1.817519514591986e-05,1.0,1.0,10.0,10.019267822736055,10.019267822736055,-1.0,3.0,9.446997666978255e-08,3346211.857544976,94833469.45786166
Trincomalee,PF,5,5326031,a,helped,227464,0.0,52829.59776690903,45477.532103761216,0.008701444282279324,42024.9020860648,42024.9020860648,0.0,42023.78,0.0,0.0,42023.78,0.0,42023.78,0.0,42023.78,130557.0,130557.0,130557.0,0.0,0.04889543076472289,3439047.065038105,2.0,0.0,0.0,,0.0,5.775128055026022,3069236.6947297673,159462.176166974,0.035,,0.0,1500.0,23.50878692624499,51658.79065223539,0.0,2.69579913947382e-11,4398.43,0.0,5.9983572076481745e-06,1.0,1.0,10.0,8.36223506743735,10.019267822736055,-1.0,3.0,8.235387595293849e-08,3346211.857544976,78665381.56909929
Trincomalee,PF,10,5326031,a,helped,227466,0.0,52829.59776690903,45477.532103761216,0.008701444282279324,42732.09601507301,42732.09601507301,0.0,42730.95,0.0,0.0,42730.95,0.0,42730.95,0.0,42730.95,132754.0,132754.0,132754.0,0.0,0.04889543076472289,3657265.3146166126,2.0,0.0,0.0,,0.0,6.141577920766823,3601009.5533884773,159462.176166974,0.035,,0.0,1500.0,27.1254316509369,51658.79065223539,0.0,-8.424194675171748e-11,4398.67,0.0,6.905921814824168e-06,1.0,1.0,10.0,8.381502890173381,10.019267822736055,-1.0,3.0,8.235387595293849e-08,3346211.857544976,90767441.03139085
