new_pov,4911.0
new_sub,3733.0
reg_pop,18388092.656160343
init_pov,647154.070628643
init_sub,572737.2117071152
pct_pop_pov,0.026707500836715255
pct_pop_sub,0.020301181149146415
pct_increase_pov,0.7588610228827694
pct_increase_sub,0.651782339910013
