new_pov,4916.0
new_sub,3849.0
reg_pop,18388092.656160343
init_pov,647154.070628643
init_sub,572737.2117071152
pct_pop_pov,0.0267346923464248
pct_pop_sub,0.020932024174407864
pct_increase_pov,0.7596336364267346
pct_increase_sub,0.6720359566872863
