,region,hazard,rp,hhid,helped_cat,affected_cat,province,pcwgt,ispoor,pcwgt_ae,pcsoc,axfin,has_ew,c,dk_private,dk_public,dk0,pc_fee,scale_fac_soc,di0_prv,di0_pub,di0,dc0_prv,dc0_pub,dc0,hh_reco_rate,welf_class,c_min,macro_multiplier,dc_npv_pre,help_received,dc_post_reco,dw,const,integ,t_start_prv_reco,dk_prv_t,sav_i,sav_f,sav_offset_to,di_prv_t,di_pub_t,di_t,dc_t,dc_net,sav_delta
62460,ARMM,HU,1000,156642015186,helped,a,Sulu,40.03654262520545,0,40.03654262520545,0.0,0,0.0,26469.439000000002,31729.25487945844,7803.535102826516,39532.78998228496,1.3251126102562862,0.00015431836955662477,10115.417571458003,2487.7992375964664,12603.21680905447,10115.417571458003,2487.7992375964664,12603.21680905447,0.0,3,15573.959716184301,5.63268004315001,70989.88779985387,0,0,0.0,0.01229299279950956,0.786663458037769,0.0,31729.25487945844,38805.0499265029,0.0,0.0,10115.417571458001,1.2213420413054223,10116.638913499306,10116.638913499306,10116.66264014766,0.0
