,region,hazard,rp,hhid,helped_cat,affected_cat,province,pcwgt,ispoor,pcwgt_ae,pcsoc,axfin,has_ew,c,dk_private,dk_public,dk0,pc_fee,scale_fac_soc,di0_prv,di0_pub,di0,dc0_prv,dc0_pub,dc0,hh_reco_rate,welf_class,c_min,macro_multiplier,dc_npv_pre,help_received,dc_post_reco,dw,const,integ,t_start_prv_reco,dk_prv_t,sav_i,sav_f,sav_offset_to,di_prv_t,di_pub_t,di_t,dc_t,dc_net,sav_delta
1272293,NCR,EQ,1000,1375442496,helped,a,NCR-3rd Dist.,1712.50325,0,1712.50325,0.0,0,1.0,129276.94000000002,354040.8375246214,10269.278019006895,364310.1155436283,177.3960691622362,0.1325202981453141,112869.68201792793,3273.888268548674,116143.5702864766,112869.68201792793,3273.888268548674,116143.5702864766,0.0,3,15573.959716184301,5.63268004315001,654199.5704928273,0,0,0.0,0.005562492824877774,5.750659285979639,0.0,354040.8375246214,57285.595074487,-1.1368683772161603e-13,0.0,112869.68201792793,51.30583379082541,112920.98785171876,112920.98785171876,112921.98455488273,0.0
1273238,NCR,EQ,1000,137521134139,helped,a,NCR-3rd Dist.,456.93742199999997,0,456.93742199999997,0.0,0,1.0,131212.3,360111.9425453891,10445.375967980131,370557.31851336925,176.63595897676748,0.1325202981453141,114805.1753863839,3330.029022376928,118135.20440876082,114805.1753863839,3330.029022376928,118135.20440876082,0.0,3,15573.959716184301,5.63268004315001,665417.8082666742,0,0,0.0,0.005521317498050223,5.843637683278398,0.0,360111.9425453891,57285.595074487,0.0,0.0,114805.1753863839,52.185628074727745,114857.36101445863,114857.36101445863,114858.37480912432,0.0
1467345,NCR,SS,500,13751188448001,helped,a,NCR-3rd Dist.,274.62204238393923,1,274.62204238393923,1634.3767706852182,0,1.0,18849.728999999992,7825.907228112168,382.1707334779731,8208.077961590141,4.308639531781766,0.0020167900058538583,2498.227758323549,121.83760908998894,2620.065367413538,2498.227758323549,121.83760908998894,2620.065367413538,0.0,3,15573.959716184301,5.63268004315001,14757.989906778734,0,0,0.0,0.014567245529113173,0.274987473773081,0.0,7825.907228112168,0.0,-4.308639531781766,0.0,2494.9832189900667,1.9093443662980023,2496.892563356365,2496.892563356365,2496.9306591152804,0.0
