,region,hazard,rp,hhid,helped_cat,affected_cat,province,pcwgt,ispoor,pcwgt_ae,pcsoc,axfin,has_ew,c,dk_private,dk_public,dk0,pc_fee,scale_fac_soc,di0_prv,di0_pub,di0,dc0_prv,dc0_pub,dc0,hh_reco_rate,welf_class,c_min,macro_multiplier,dc_npv_pre,help_received,dc_post_reco,dw,const,integ,t_start_prv_reco,dk_prv_t,sav_i,sav_f,sav_offset_to,di_prv_t,di_pub_t,di_t,dc_t,dc_net,sav_delta
1263929,NCR,EQ,250,13763412138009,helped,a,NCR-4th Dist.,826.5948386076549,0,826.5948386076549,0.0,0,1.0,73269.11700000001,178269.41568832152,5721.748210334781,183991.1638986563,103.05810812095224,0.0674290925564553,56833.02639024899,1824.1169736308252,58657.14336387981,56833.02639024899,1824.1169736308252,58657.14336387981,0.0,3,15573.959716184301,5.63268004315001,330396.92081391485,0,0,0.0,0.007388725236671492,1.176794456995747,0.0,178269.41568832152,105494.784665224,0.0,0.0,56833.02639024899,80.79413890891749,56913.82052915791,56913.82052915791,56915.390092849426,0.0
