,region,hazard,rp,hhid,helped_cat,affected_cat,province,pcwgt,ispoor,pcwgt_ae,pcsoc,axfin,has_ew,c,dk_private,dk_public,dk0,pc_fee,scale_fac_soc,di0_prv,di0_pub,di0,dc0_prv,dc0_pub,dc0,hh_reco_rate,welf_class,c_min,macro_multiplier,dc_npv_pre,help_received,dc_post_reco,dw,const,integ,t_start_prv_reco,dk_prv_t,sav_i,sav_f,sav_offset_to,di_prv_t,di_pub_t,di_t,dc_t,dc_net,sav_delta
1269739,NCR,EQ,500,13751176672204,helped,a,NCR-3rd Dist.,4569.454115,0,4569.454115,1867.8591471095235,0,1.0,30482.040999999997,44146.16179502475,1267.9938806696919,45414.15567569445,149.59927483046113,0.10781010475477626,14275.35289726731,404.24168893203904,14679.59458619935,14275.35289726731,404.24168893203904,14679.59458619935,0.0,3,15573.959716184301,5.63268004315001,82685.45946721801,0,0,0.0,0.011455339747578851,0.03271052428919,0.0,44146.16179502475,57285.595074487,24248.324265440697,0.0,14091.80862649327,35.79187547946594,14127.600501972736,14127.600501972736,0.0,272.2281733079699
1280991,NCR,EQ,2000,1376520113656,helped,a,NCR-4th Dist.,2020.9967499999998,0,2020.9967499999998,0.0,0,1.0,220308.59000000008,638081.9454196785,18412.55785911859,656494.503278797,192.48730158216665,0.1657131456114814,203423.16096767056,5869.99953233047,209293.16050000102,203423.16096767056,5869.99953233047,209293.16050000102,0.0,3,15573.959716184301,5.63268004315001,1178881.4083161477,0,0,0.0,0.004261026941823825,4.631175252862423,0.0,638081.9454196785,105494.784665224,0.0,0.0,203423.16096767056,519.734352191016,203942.89531986156,203942.89531986156,203952.99204444396,0.0
