,region,hazard,rp,hhid,helped_cat,affected_cat,province,pcwgt,ispoor,pcwgt_ae,pcsoc,axfin,has_ew,c,dk_private,dk_public,dk0,pc_fee,scale_fac_soc,di0_prv,di0_pub,di0,dc0_prv,dc0_pub,dc0,hh_reco_rate,welf_class,c_min,macro_multiplier,dc_npv_pre,help_received,dc_post_reco,dw,const,integ,t_start_prv_reco,dk_prv_t,sav_i,sav_f,sav_offset_to,di_prv_t,di_pub_t,di_t,dc_t,dc_net,sav_delta
1273063,NCR,EQ,1000,137445313148,helped,a,NCR-2nd Dist.,914.9544239999999,0,914.9544239999999,0.0,0,1.0,144056.16000000003,400511.37875514,11617.198532715236,412128.5772878552,171.10838818507005,0.1325202981453141,127684.6825940264,3703.6108983769977,131388.2934924034,127684.6825940264,3703.6108983769977,131388.2934924034,0.0,3,15573.959716184301,5.63268004315001,740068.2186581971,0,0,0.0,0.005269435327224097,7.668368959588923,0.0,400511.37875514,84612.9883924169,0.0,0.0,127684.6825940264,18.296496754859145,127702.97909078126,127702.97909078126,127703.33453137851,0.0
1276094,NCR,EQ,1000,133961760108002,helped,a,Manila,1522.22509,0,1522.22509,2905.5586253672905,0,1.0,34481.578,56849.21622090352,1648.9634659574972,58498.17968686102,174.60260536998388,0.1325202981453141,18508.810546499655,525.6963670154568,19034.506913515113,18508.810546499655,525.6963670154568,19034.506913515113,0.0,3,15573.959716184301,5.63268004315001,107215.28722295749,0,0,0.0,0.010770513996276342,1.1894518424974072,0.0,56849.21622090352,37478.5862122045,1.4210854715202004e-14,0.0,18125.667244438355,2.5970335807561584,18128.264278019113,18128.264278019113,18128.351683159763,0.0
