,region,hazard,rp,hhid,helped_cat,affected_cat,province,pcwgt,ispoor,pcwgt_ae,pcsoc,axfin,has_ew,c,dk_private,dk_public,dk0,pc_fee,scale_fac_soc,di0_prv,di0_pub,di0,dc0_prv,dc0_pub,dc0,hh_reco_rate,welf_class,c_min,macro_multiplier,dc_npv_pre,help_received,dc_post_reco,dw,const,integ,t_start_prv_reco,dk_prv_t,sav_i,sav_f,sav_offset_to,di_prv_t,di_pub_t,di_t,dc_t,dc_net,sav_delta
23870,ARMM,EQ,250,1538339198002,helped,a,Maguindanao,169.34243444212916,0,169.34243444212916,0.0,0,1.0,24705.381000000012,26188.446858426,4697.357688812346,30885.804547238346,5.153697427980908,0.0007265191245954287,8348.985077882104,1497.5370422454357,9846.52212012754,8348.985077882104,1497.5370422454357,9846.52212012754,0.0,3,15573.959716184301,5.63268004315001,55462.308640477524,0,0,0.0,0.012724309312557584,0.21874060147421243,0.0,26188.446858426,40771.049892329,0.0,0.0,8348.985077882104,3.7008712723781056,8352.685949154482,8352.685949154482,8352.757844879277,0.0
26489,ARMM,EQ,500,153816250213,helped,a,Maguindanao,587.7679395255195,1,587.7679395255195,0.0,0,1.0,19824.787000000004,10885.190618142735,2138.6025133844373,13023.793131527173,8.834073795633701,0.001093131054139724,3470.243750309908,681.7953186873709,4152.039068997279,3470.243750309908,681.7953186873709,4152.039068997279,0.0,3,15573.959716184301,5.63268004315001,23387.107602320124,0,0,0.0,0.014204492791380583,0.5322195256278778,0.0,10885.190618142735,0.0,-8.834073795633701,0.0,3470.243750309908,1.6849244041326532,3471.928674714041,3471.928674714041,3471.9614072389913,0.0
