,region,hazard,rp,hhid,helped_cat,affected_cat,province,pcwgt,ispoor,pcwgt_ae,pcsoc,axfin,has_ew,c,dk_private,dk_public,dk0,pc_fee,scale_fac_soc,di0_prv,di0_pub,di0,dc0_prv,dc0_pub,dc0,hh_reco_rate,welf_class,c_min,macro_multiplier,dc_npv_pre,help_received,dc_post_reco,dw,const,integ,t_start_prv_reco,dk_prv_t,sav_i,sav_f,sav_offset_to,di_prv_t,di_pub_t,di_t,dc_t,dc_net,sav_delta
1268011,NCR,EQ,500,1374330548006,helped,a,NCR-2nd Dist.,4883.805695,0,4883.805695,0.0,0,1.0,47052.906,96183.1676619275,2762.63355770367,98945.80121963116,179.86744611425786,0.11694138063953664,30663.591311620447,880.7389943211994,31544.330305941647,30663.591311620447,880.7389943211994,31544.330305941647,0.0,3,15573.959716184301,5.63268004315001,177679.11978880956,0,0,0.0,0.009220124179300727,0.2454124799173056,0.0,96183.1676619275,84612.9883924169,0.0,0.0,30663.591311620447,36.12021915363054,30699.71153077408,30699.71153077408,30700.413227521873,0.0
