,region,hazard,rp,hhid,helped_cat,affected_cat,province,pcwgt,ispoor,pcwgt_ae,pcsoc,axfin,has_ew,c,dk_private,dk_public,dk0,pc_fee,scale_fac_soc,di0_prv,di0_pub,di0,dc0_prv,dc0_pub,dc0,hh_reco_rate,welf_class,c_min,macro_multiplier,dc_npv_pre,help_received,dc_post_reco,dw,const,integ,t_start_prv_reco,dk_prv_t,sav_i,sav_f,sav_offset_to,di_prv_t,di_pub_t,di_t,dc_t,dc_net,sav_delta
1279630,NCR,EQ,2000,137671248166,helped,a,NCR-4th Dist.,3544.30161,0,3544.30161,0.0,0,1.0,215252.44000000003,623437.7682301566,17989.983984811726,641427.7522149683,188.06965872087633,0.1657131456114814,198754.53676501606,5735.281234984947,204489.81800000102,198754.53676501606,5735.281234984947,204489.81800000102,0.0,3,15573.959716184301,5.63268004315001,1151825.7168759834,0,0,0.0,0.004310780941394281,7.38240237285139,0.0,623437.7682301566,105494.784665224,0.0,0.0,198754.53676501606,142.62699679317782,198897.16376180924,198897.16376180924,198899.93453402887,0.0
