,region,hazard,rp,hhid,helped_cat,affected_cat,province,pcwgt,ispoor,pcwgt_ae,pcsoc,axfin,has_ew,c,dk_private,dk_public,dk0,pc_fee,scale_fac_soc,di0_prv,di0_pub,di0,dc0_prv,dc0_pub,dc0,hh_reco_rate,welf_class,c_min,macro_multiplier,dc_npv_pre,help_received,dc_post_reco,dw,const,integ,t_start_prv_reco,dk_prv_t,sav_i,sav_f,sav_offset_to,di_prv_t,di_pub_t,di_t,dc_t,dc_net,sav_delta
1281591,NCR,EQ,2000,13744931198005,helped,a,NCR-2nd Dist.,8010.57442,0,8010.57442,1292.97370493688,0,1.0,205620.6400000001,591796.2382339097,17076.932759982377,608873.1709938921,178.52450112688805,0.1657131456114814,188881.34898867246,5444.1967314765025,194325.54572014895,188881.34898867246,5444.1967314765025,194325.54572014895,0.0,3,15573.959716184301,5.63268004315001,1094573.6232521178,0,0,0.0,0.004410589531900311,4.229851741933491,0.0,591796.2382339097,84612.9883924169,3.410605131648481e-13,0.0,188689.21403933695,562.2444892638706,189251.4585286008,189251.4585286008,189262.8109549654,0.0
1458162,NCR,SS,250,13754211353,helped,a,NCR-3rd Dist.,162.13004145573893,1,162.13004145573893,4085.941789532921,0,1.0,18602.90199999997,7019.9408389696155,351.7438482076039,7371.6846871772195,2.90495900864288,0.001592701026257539,2244.49383188689,112.13739233173514,2356.631224218625,2244.49383188689,112.13739233173514,2356.631224218625,0.0,3,15573.959716184301,5.63268004315001,13274.149665720426,0,0,0.0,0.01466356763080276,0.1441182116298318,0.0,7019.9408389696155,0.0,-2.90495900864288,0.0,2238.658223346805,11.580887684387463,2250.2391110311924,2250.2391110311924,2250.4771456934154,0.0
