,region,hazard,rp,hhid,helped_cat,affected_cat,province,pcwgt,ispoor,pcwgt_ae,pcsoc,axfin,has_ew,c,dk_private,dk_public,dk0,pc_fee,scale_fac_soc,di0_prv,di0_pub,di0,dc0_prv,dc0_pub,dc0,hh_reco_rate,welf_class,c_min,macro_multiplier,dc_npv_pre,help_received,dc_post_reco,dw,const,integ,t_start_prv_reco,dk_prv_t,sav_i,sav_f,sav_offset_to,di_prv_t,di_pub_t,di_t,dc_t,dc_net,sav_delta
21502,ARMM,EQ,200,15663180258005,helped,a,Sulu,256.0631970018197,0,256.0631970018197,0.0,0,1.0,25110.693000000007,27362.068998416136,4887.465743538295,32249.53474195443,4.4166643705254955,0.0006261267271020051,8723.140665909925,1558.1442756820938,10281.28494159202,8723.140665909925,1558.1442756820938,10281.28494159202,0.0,3,15573.959716184301,5.63268004315001,57911.18850844409,0,0,0.0,0.012621199932069258,0.02739429141746002,0.0,27362.068998416136,38805.0499265029,5268.719832640142,0.0,8723.140665909925,34.52380513894896,8757.664471048874,8757.664471048874,0.0,168.7540492242141
49318,ARMM,HU,100,153812320453,helped,a,Maguindanao,5.257861944374104,1,5.257861944374104,0.0,0,1.0,17454.510000000002,3443.385336311383,567.0931764789811,4010.478512790364,0.06608305201274911,9.210472994015062e-06,1097.7654744352285,180.79164808005504,1278.5571225152835,1097.7654744352285,180.79164808005504,1278.5571225152835,0.0,3,15573.959716184301,5.63268004315001,7201.70318801914,0,0,0.0,0.015138267145297835,0.11800837225177206,0.0,3443.385336311383,0.0,-0.06608305201274911,0.0,1097.7654744352285,4.005800827611374,1101.77127526284,1101.77127526284,1101.8490947633554,0.0
