,region,hazard,rp,hhid,helped_cat,affected_cat,province,pcwgt,ispoor,pcwgt_ae,pcsoc,axfin,has_ew,c,dk_private,dk_public,dk0,pc_fee,scale_fac_soc,di0_prv,di0_pub,di0,dc0_prv,dc0_pub,dc0,hh_reco_rate,welf_class,c_min,macro_multiplier,dc_npv_pre,help_received,dc_post_reco,dw,const,integ,t_start_prv_reco,dk_prv_t,sav_i,sav_f,sav_offset_to,di_prv_t,di_pub_t,di_t,dc_t,dc_net,sav_delta
1268695,NCR,EQ,500,1375427488006,helped,a,NCR-3rd Dist.,476.37052053382484,0,476.37052053382484,0.0,0,0.0,74725.54700000002,183040.42642795425,5257.402482767456,188297.8289107217,170.4365315711784,0.11694138063953664,58354.04432945499,1676.0816368506082,60030.1259663056,58354.04432945499,1676.0816368506082,60030.1259663056,0.0,3,15573.959716184301,5.63268004315001,338130.49251819076,0,0,0.0,0.007316366360534334,3.479461154220907,0.0,183040.42642795425,57285.595074487,0.0,0.0,58354.04432945499,16.55213201654748,58370.59646147154,58370.59646147154,58370.91801481416,0.0
