,region,hazard,rp,hhid,helped_cat,affected_cat,province,pcwgt,ispoor,pcwgt_ae,pcsoc,axfin,has_ew,c,dk_private,dk_public,dk0,pc_fee,scale_fac_soc,di0_prv,di0_pub,di0,dc0_prv,dc0_pub,dc0,hh_reco_rate,welf_class,c_min,macro_multiplier,dc_npv_pre,help_received,dc_post_reco,dw,const,integ,t_start_prv_reco,dk_prv_t,sav_i,sav_f,sav_offset_to,di_prv_t,di_pub_t,di_t,dc_t,dc_net,sav_delta
1268521,NCR,EQ,500,1375151198012,helped,a,NCR-3rd Dist.,2396.087625,0,2396.087625,2421.298887180722,0,1.0,42739.13300000001,82415.67477764448,2367.1949505946413,84782.86972823912,154.12152981010587,0.11694138063953664,26557.60772303653,754.6715322903414,27312.27925532687,26557.60772303653,754.6715322903414,27312.27925532687,0.0,3,15573.959716184301,5.63268004315001,153841.3302944197,0,0,0.0,0.009674246337335594,0.044903027158651666,0.0,82415.67477764448,57285.595074487,890.1913825360305,0.0,26304.846941352498,80.9955903261689,26385.842531678667,26385.842531678667,0.0,508.4394291306982
1431761,NCR,SS,25,137441004108008,helped,a,NCR-2nd Dist.,0.04764408221924783,1,0.04764408221924783,0.0,0,1.0,18017.760000000002,5049.403960317088,1611.8388164994199,6661.242776816507,0.003733255185217445,3.0946278022325967e-07,1609.7708483740125,513.8608753567613,2123.631723730774,1609.7708483740125,513.8608753567613,2123.631723730774,0.0,3,15573.959716184301,5.63268004315001,11961.738029258588,0,0,0.0,0.014899771108494402,0.1146465497076968,0.0,5049.403960317088,-5779.89415566761,-5779.897888922796,0.0,1609.7708483740125,55.15043719580816,1664.9212855698206,1664.9212855698206,1665.9926766999572,0.0
1437079,NCR,SS,30,13744127368011,helped,a,NCR-2nd Dist.,0.016193527256920158,0,0.016193527256920158,1089.584484512734,0,1.0,26275.459000000003,29970.783338885947,10363.652549571003,40334.43588845695,0.003765064818522467,3.789647560842535e-07,9554.809990645435,3303.9752588796164,12858.785249525052,9554.809990645435,3303.9752588796164,12858.785249525052,0.0,3,15573.959716184301,5.63268004315001,72429.42305415148,0,0,0.0,0.012338286200747093,0.03329526018624303,0.0,29970.783338885947,84612.9883924169,61885.704790057294,0.0,9554.809622047582,354.6011941166688,9909.41081616425,9909.41081616425,0.0,191.06550190540975
