,region,hazard,rp,hhid,helped_cat,affected_cat,province,pcwgt,ispoor,pcwgt_ae,pcsoc,axfin,has_ew,c,dk_private,dk_public,dk0,pc_fee,scale_fac_soc,di0_prv,di0_pub,di0,dc0_prv,dc0_pub,dc0,hh_reco_rate,welf_class,c_min,macro_multiplier,dc_npv_pre,help_received,dc_post_reco,dw,const,integ,t_start_prv_reco,dk_prv_t,sav_i,sav_f,sav_offset_to,di_prv_t,di_pub_t,di_t,dc_t,dc_net,sav_delta
1332176,NCR,HU,500,1376299295,helped,a,NCR-4th Dist.,4590.965915,0,4590.965915,2421.298847739321,0,1.0,34763.60899999998,57662.53255709348,1572.639004183454,59235.17156127693,65.42948380533404,0.055160599640077475,18516.61395640873,501.3638132037043,19017.977769612437,18516.61395640873,501.3638132037043,19017.977769612437,0.0,3,15573.959716184301,5.63268004315001,107122.18384396652,0,0,0.0,0.010726735387625943,0.03767958813696436,0.0,57662.53255709348,105494.784665224,49107.54569730597,0.0,18388.74602238894,21.368210176126777,18410.114232565065,18410.114232565065,0.0,354.73294663301846
