,region,hazard,rp,hhid,helped_cat,affected_cat,province,pcwgt,ispoor,pcwgt_ae,pcsoc,axfin,has_ew,c,dk_private,dk_public,dk0,pc_fee,scale_fac_soc,di0_prv,di0_pub,di0,dc0_prv,dc0_pub,dc0,hh_reco_rate,welf_class,c_min,macro_multiplier,dc_npv_pre,help_received,dc_post_reco,dw,const,integ,t_start_prv_reco,dk_prv_t,sav_i,sav_f,sav_offset_to,di_prv_t,di_pub_t,di_t,dc_t,dc_net,sav_delta
1263804,NCR,EQ,250,13751281848005,helped,a,NCR-3rd Dist.,506.86860499999995,0,506.86860499999995,0.0,0,1.0,101851.85000000003,267886.19161323464,8598.094807896081,276484.2864211307,92.38534512323679,0.06462801515537665,85403.22488158378,2741.108154958926,88144.33303654271,85403.22488158378,2741.108154958926,88144.33303654271,0.0,3,15573.959716184301,5.63268004315001,496488.8256117023,0,0,0.0,0.006266795671375991,3.5725015442749286,0.0,267886.19161323464,57285.595074487,0.0,0.0,85403.22488158378,92.74046567667226,85495.96534726046,85495.96534726046,85497.76698868675,0.0
