,region,hazard,rp,hhid,helped_cat,affected_cat,province,pcwgt,ispoor,pcwgt_ae,pcsoc,axfin,has_ew,c,dk_private,dk_public,dk0,pc_fee,scale_fac_soc,di0_prv,di0_pub,di0,dc0_prv,dc0_pub,dc0,hh_reco_rate,welf_class,c_min,macro_multiplier,dc_npv_pre,help_received,dc_post_reco,dw,const,integ,t_start_prv_reco,dk_prv_t,sav_i,sav_f,sav_offset_to,di_prv_t,di_pub_t,di_t,dc_t,dc_net,sav_delta
1369360,NCR,PF,30,137641313384,helped,a,NCR-4th Dist.,6803.466161710446,1,6803.466161710446,0.0,0,1.0,19929.549,11216.126057258874,352.0522412319326,11568.178298490808,19.213423746933653,0.012240798458052825,3575.7473358359825,112.23570930227419,3687.983045138257,3575.7473358359825,112.23570930227419,3687.983045138257,0.0,3,15573.959716184301,5.63268004315001,20773.22849782586,0,0,0.0,0.01416710981267582,0.42350758853602183,0.0,11216.126057258874,0.0,-19.213423746933653,0.0,3575.7473358359825,1.1083829310562823,3576.855718767039,3576.855718767039,3576.8772509923756,0.0
1436005,NCR,SS,30,1374545118001,helped,a,NCR-2nd Dist.,0.031204098553876118,0,0.031204098553876118,72.63896383322786,0,0.0,28474.520000000008,37865.789131504054,13093.681190677113,50959.470322181165,0.0035510923235377826,3.624646480608639e-07,12071.770075549864,4174.319671055101,16246.089746604965,12071.770075549864,4174.319671055101,16246.089746604965,0.0,3,15573.959716184301,5.63268004315001,91509.0254949258,0,0,0.0,0.011852276915616206,0.03949607745649238,0.0,37865.789131504054,84612.9883924169,26645.514975422222,0.0,12071.77004948082,41.22346355658661,12112.993513037407,12112.993513037407,0.0,233.40644217727356
1453269,NCR,SS,200,137674328001,helped,a,NCR-4th Dist.,181.40262715212307,0,181.40262715212307,610.1672790500345,0,1.0,33980.34799999999,55265.230633510706,2627.7891429164574,57893.019776427165,3.177586969506225,0.0014942518215037795,17619.695643936713,837.7500376648425,18457.445681601555,17619.695643936713,837.7500376648425,18457.445681601555,0.0,3,15573.959716184301,5.63268004315001,103964.88593828242,0,0,0.0,0.0108496588955718,0.03738079890174089,0.0,55265.230633510706,105494.784665224,25489.50001953727,0.0,17618.792904285547,8.273194404988308,17627.066098690535,17627.066098690535,0.0,339.6382850576585
