,region,hazard,rp,hhid,helped_cat,affected_cat,province,pcwgt,ispoor,pcwgt_ae,pcsoc,axfin,has_ew,c,dk_private,dk_public,dk0,pc_fee,scale_fac_soc,di0_prv,di0_pub,di0,dc0_prv,dc0_pub,dc0,hh_reco_rate,welf_class,c_min,macro_multiplier,dc_npv_pre,help_received,dc_post_reco,dw,const,integ,t_start_prv_reco,dk_prv_t,sav_i,sav_f,sav_offset_to,di_prv_t,di_pub_t,di_t,dc_t,dc_net,sav_delta
1278879,NCR,EQ,2000,137426121083,helped,a,NCR-2nd Dist.,1888.611685,0,1888.611685,0.0,0,1.0,215654.80000000008,624603.1274726586,18023.611710268076,642626.7391829267,188.42120738570384,0.1657131456114814,199126.0581071796,5746.001892821433,204872.06000000102,199126.0581071796,5746.001892821433,204872.06000000102,0.0,3,15573.959716184301,5.63268004315001,1153978.7637610373,0,0,0.0,0.004306757623553554,7.282522239109038,0.0,624603.1274726586,84612.9883924169,-1.4210854715202004e-13,0.0,199126.0581071796,173.2099493323,199299.26805651188,199299.26805651188,199302.63295464872,0.0
