,region,hazard,rp,hhid,helped_cat,affected_cat,province,pcwgt,ispoor,pcwgt_ae,pcsoc,axfin,has_ew,c,dk_private,dk_public,dk0,pc_fee,scale_fac_soc,di0_prv,di0_pub,di0,dc0_prv,dc0_pub,dc0,hh_reco_rate,welf_class,c_min,macro_multiplier,dc_npv_pre,help_received,dc_post_reco,dw,const,integ,t_start_prv_reco,dk_prv_t,sav_i,sav_f,sav_offset_to,di_prv_t,di_pub_t,di_t,dc_t,dc_net,sav_delta
1274029,NCR,EQ,1000,1374410165174,helped,a,NCR-2nd Dist.,1556.34016,0,1556.34016,0.0,0,1.0,103623.12000000001,273429.2847839703,7931.066267996636,281360.3510519669,188.0790788861471,0.1325202981453141,87170.38589032808,2528.4567000541024,89698.84259038218,87170.38589032808,2528.4567000541024,89698.84259038218,0.0,3,15573.959716184301,5.63268004315001,505244.88055249985,0,0,0.0,0.006213004432940419,2.984171422257848,0.0,273429.2847839703,84612.9883924169,0.0,0.0,87170.38589032808,99.78072661492035,87270.166616943,87270.166616943,87272.1050274233,0.0
1281812,NCR,EQ,2000,13754114028002,helped,a,NCR-3rd Dist.,2012.360015,0,2012.360015,13619.805599248102,0,1.0,51011.99199999996,108299.35883156897,3125.097371749288,111424.45620331826,32.67017895461139,0.1657131456114814,36783.263953122165,996.2939560605754,37779.55790918274,36783.263953122165,996.2939560605754,37779.55790918274,0.0,3,15573.959716184301,5.63268004315001,212800.16187408374,0,0,0.0,0.008855107833719164,1.0685456425804132,0.0,108299.35883156897,57285.595074487,-2.842170943040401e-14,0.0,34615.350573195006,39.316842900908924,34654.667416095916,34654.667416095916,34657.161499517446,0.0
