,region,hazard,rp,hhid,helped_cat,affected_cat,province,pcwgt,ispoor,pcwgt_ae,pcsoc,axfin,has_ew,c,dk_private,dk_public,dk0,pc_fee,scale_fac_soc,di0_prv,di0_pub,di0,dc0_prv,dc0_pub,dc0,hh_reco_rate,welf_class,c_min,macro_multiplier,dc_npv_pre,help_received,dc_post_reco,dw,const,integ,t_start_prv_reco,dk_prv_t,sav_i,sav_f,sav_offset_to,di_prv_t,di_pub_t,di_t,dc_t,dc_net,sav_delta
1268218,NCR,EQ,500,1374445198010,helped,a,NCR-2nd Dist.,2403.17225,0,2403.17225,0.0,0,1.0,25259.395000000004,27827.184357594797,799.2699262402047,28626.454283835003,170.73543401618835,0.10781010475477626,8871.421364428212,254.81055533586806,9126.231919764079,8871.421364428212,254.81055533586806,9126.231919764079,0.0,3,15573.959716184301,5.63268004315001,51405.14440361373,0,0,0.0,0.012583994606908283,0.023935289439946418,0.0,27827.184357594797,84612.9883924169,67585.39672752791,0.0,8871.421364428212,34.45029006155687,8905.871654489769,8905.871654489769,0.0,171.6096514455121
1269255,NCR,EQ,500,13396106068003,helped,a,Manila,2740.005295,0,2740.005295,8784.956580555805,0,1.0,83731.383,210128.51185597805,6035.443543760961,216163.955399739,63.840883787256786,0.10781010475477626,67936.94499014804,1924.1243422210614,69861.06933236911,67936.94499014804,1924.1243422210614,69861.06933236911,0.0,3,15573.959716184301,5.63268004315001,393505.0510215547,0,0,0.0,0.006911715658753028,1.653246695606278,0.0,210128.51185597805,37478.5862122045,0.0,0.0,67117.88641878038,260.14087845240505,67378.0272972328,67378.0272972328,67385.56853710607,0.0
1280794,NCR,EQ,2000,1376218918001,helped,a,NCR-4th Dist.,504.70935949999995,0,504.70935949999995,3268.753404205496,0,1.0,183725.77000000002,522659.4397162442,15081.91423291298,537741.3539491572,157.6683150488713,0.1657131456114814,167167.66459388137,4808.176580963392,171975.84117484477,167167.66459388137,4808.176580963392,171975.84117484477,0.0,3,15573.959716184301,5.63268004315001,968684.888489484,0,0,0.0,0.0046660023970437935,2.878329316185197,0.0,522659.4397162442,105494.784665224,0.0,0.0,166699.22349407282,650.0636430191756,167349.287137092,167349.287137092,167363.3384311465,0.0
