,region,hazard,rp,hhid,helped_cat,affected_cat,province,pcwgt,ispoor,pcwgt_ae,pcsoc,axfin,has_ew,c,dk_private,dk_public,dk0,pc_fee,scale_fac_soc,di0_prv,di0_pub,di0,dc0_prv,dc0_pub,dc0,hh_reco_rate,welf_class,c_min,macro_multiplier,dc_npv_pre,help_received,dc_post_reco,dw,const,integ,t_start_prv_reco,dk_prv_t,sav_i,sav_f,sav_offset_to,di_prv_t,di_pub_t,di_t,dc_t,dc_net,sav_delta
1273427,NCR,EQ,1000,137614118001,helped,a,NCR-4th Dist.,1913.65435,0,1913.65435,0.0,0,1.0,106913.68000000002,283217.5700863304,8214.984427839721,291432.55451417016,221.2303601639002,0.15158704352962088,90290.93169318707,2618.970982656814,92909.90267584388,90290.93169318707,2618.970982656814,92909.90267584388,0.0,3,15573.959716184301,5.63268004315001,523331.7546132356,0,0,0.0,0.00611664614078281,1.5248946968503105,0.0,283217.5700863304,105494.784665224,-5.684341886080802e-14,0.0,90290.93169318707,260.26158683328924,90551.19328002036,90551.19328002036,90556.24930441158,0.0
1275088,NCR,EQ,1000,13391057018002,helped,a,Manila,2434.12059,0,2434.12059,0.0,0,1.0,106866.55000000003,283092.72129169374,8211.363074463015,291304.0843661568,221.1328367517934,0.15158704352962088,90251.12938153995,2617.8164802356773,92868.94586177563,90251.12938153995,2617.8164802356773,92868.94586177563,0.0,3,15573.959716184301,5.63268004315001,523101.05798400234,0,0,0.0,0.006117994765566594,2.6680875934353248,0.0,283092.72129169374,37478.5862122045,0.0,0.0,90251.12938153995,260.1468575620916,90511.27623910205,90511.27623910205,90516.33003468186,0.0
1276346,NCR,EQ,1000,1374413811278010,helped,a,NCR-2nd Dist.,6293.960139999999,0,6293.960139999999,0.0,0,1.0,106896.59000000001,283172.2981597371,8213.671274238872,291385.96943397593,221.19499680483193,0.15158704352962088,90276.4988159104,2618.552343862473,92895.05115977288,90276.4988159104,2618.552343862473,92895.05115977288,0.0,3,15573.959716184301,5.63268004315001,523248.1007750519,0,0,0.0,0.006117135068001302,1.864560333998068,0.0,283172.2981597371,84612.9883924169,-5.684341886080802e-14,0.0,90276.4988159104,260.2199843880362,90536.71880029843,90536.71880029843,90541.77401649133,0.0
