,region,hazard,rp,hhid,helped_cat,affected_cat,province,pcwgt,ispoor,pcwgt_ae,pcsoc,axfin,has_ew,c,dk_private,dk_public,dk0,pc_fee,scale_fac_soc,di0_prv,di0_pub,di0,dc0_prv,dc0_pub,dc0,hh_reco_rate,welf_class,c_min,macro_multiplier,dc_npv_pre,help_received,dc_post_reco,dw,const,integ,t_start_prv_reco,dk_prv_t,sav_i,sav_f,sav_offset_to,di_prv_t,di_pub_t,di_t,dc_t,dc_net,sav_delta
1267053,NCR,EQ,500,137444123306,helped,a,NCR-2nd Dist.,2295.483005,0,2295.483005,0.0,0,1.0,139696.98000000004,385556.508415908,11074.197018388148,396630.70543429616,140.21765959340078,0.10781010475477626,122917.00813135634,3530.499771745767,126447.50790310212,122917.00813135634,3530.499771745767,126447.50790310212,0.0,3,15573.959716184301,5.63268004315001,712238.3542718565,0,0,0.0,0.005351018924291156,2.434435430070559,0.0,385556.508415908,84612.9883924169,0.0,0.0,122917.00813135634,425.2806525330255,123342.28878388937,123342.28878388937,123350.55058455878,0.0
1280969,NCR,EQ,2000,1376482478003,helped,a,NCR-4th Dist.,3877.715605,0,3877.715605,5576.493570495354,0,1.0,154115.59000000003,430215.25225421094,12414.335307349795,442629.58756156074,129.7810941060833,0.1657131456114814,138078.498502913,3957.741396166091,142036.23989907908,138078.498502913,3957.741396166091,142036.23989907908,0.0,3,15573.959716184301,5.63268004315001,800044.69388361,0,0,0.0,0.005094560324219609,2.47240645319733,0.0,430215.25225421094,105494.784665224,0.0,0.0,137265.71621515826,476.7457732156135,137742.46198837386,137742.46198837386,137753.88608949364,0.0
1455190,NCR,SS,200,13744713188011,helped,a,NCR-2nd Dist.,152.70310087861475,0,152.70310087861475,0.0,0,1.0,38179.08600000001,68067.07060536435,3236.4998223394186,71303.57042770377,3.2912716633403853,0.0014942518215037795,21700.063384877285,1031.8095176608713,22731.872902538154,21700.063384877285,1031.8095176608713,22731.872902538154,0.0,3,15573.959716184301,5.63268004315001,128041.36684154917,0,0,0.0,0.01023569253939144,0.04143899318830038,0.0,68067.07060536435,84612.9883924169,40546.646375758224,0.0,21700.063384877285,124.29079544837894,21824.354180325663,21824.354180325663,0.0,420.55431099458144
