,region,hazard,rp,hhid,helped_cat,affected_cat,province,pcwgt,ispoor,pcwgt_ae,pcsoc,axfin,has_ew,c,dk_private,dk_public,dk0,pc_fee,scale_fac_soc,di0_prv,di0_pub,di0,dc0_prv,dc0_pub,dc0,hh_reco_rate,welf_class,c_min,macro_multiplier,dc_npv_pre,help_received,dc_post_reco,dw,const,integ,t_start_prv_reco,dk_prv_t,sav_i,sav_f,sav_offset_to,di_prv_t,di_pub_t,di_t,dc_t,dc_net,sav_delta
27205,ARMM,EQ,500,1566111126573,helped,a,Sulu,1233.2332321713536,0,1233.2332321713536,0.0,0,1.0,23384.344000000005,21941.702865034527,4310.864415813397,26252.567280847925,8.46328199653132,0.001093131054139724,6995.10554382325,1374.3213896939815,8369.426933517232,6995.10554382325,1374.3213896939815,8369.426933517232,0.0,3,15573.959716184301,5.63268004315001,47142.304061024704,0,0,0.0,0.013078784986105882,0.023694057398261123,0.0,21941.702865034527,38805.0499265029,12882.84455635268,0.0,6995.10554382325,35.51790447613827,7030.623448299388,7030.623448299388,0.0,135.47810104160303
98160,ARMM,PF,1000,1536276402697,helped,a,Lanao del Sur,45.45482937836735,1,45.45482937836735,79.96324613530047,0,1.0,18339.828,6209.031013831299,920.21772014232,7129.248733973619,0.6751267614880061,0.00010429160076848091,1979.473084495875,293.3692118285736,2272.8422963244484,1979.473084495875,293.3692118285736,2272.8422963244484,0.0,3,15573.959716184301,5.63268004315001,12802.193443733962,0,0,0.0,0.014768363269242211,0.00783191967422388,0.0,6209.031013831299,9068.35363117985,1816.7709780523103,0.0,1979.4649605264913,7.58182163219291,1987.0467821586842,1987.0467821586842,0.0,38.288903201118785
