,region,hazard,rp,hhid,helped_cat,affected_cat,province,pcwgt,ispoor,pcwgt_ae,pcsoc,axfin,has_ew,c,dk_private,dk_public,dk0,pc_fee,scale_fac_soc,di0_prv,di0_pub,di0,dc0_prv,dc0_pub,dc0,hh_reco_rate,welf_class,c_min,macro_multiplier,dc_npv_pre,help_received,dc_post_reco,dw,const,integ,t_start_prv_reco,dk_prv_t,sav_i,sav_f,sav_offset_to,di_prv_t,di_pub_t,di_t,dc_t,dc_net,sav_delta
1270365,NCR,EQ,500,1375117613128012,helped,a,NCR-3rd Dist.,2284.72701,0,2284.72701,933.929592971372,0,1.0,53976.640999999996,117929.62069429441,3387.2488866498825,121316.8695809443,152.03789683923756,0.10781010475477626,37697.137449203525,1079.8689423085684,38777.00639151209,37697.137449203525,1079.8689423085684,38777.00639151209,0.0,3,15573.959716184301,5.63268004315001,218418.47003457055,0,0,0.0,0.008608491764812412,1.55330334746825,0.0,117929.62069429441,57285.595074487,-2.842170943040401e-14,0.0,37598.768845914135,24.86531979892922,37623.63416571306,37623.63416571306,37624.16225660153,0.0
1341240,NCR,HU,1000,13744111198016,helped,a,NCR-2nd Dist.,2171.73477,0,2171.73477,0.0,0,1.0,39936.941000000006,73929.496187262,2068.733731453774,75998.22991871578,125.03323176518867,0.08527237613135054,23569.028885888274,659.5208622867149,24228.549748174988,23569.028885888274,659.5208622867149,24228.549748174988,0.0,3,15573.959716184301,5.63268004315001,136471.66864101245,0,0,0.0,0.010007891707035919,0.081765612071605,0.0,73929.496187262,84612.9883924169,-2.842170943040401e-14,0.0,23569.028885888274,15.18628466132765,23584.215170549603,23584.215170549603,23584.510189982142,0.0
