,region,hazard,rp,hhid,helped_cat,affected_cat,province,pcwgt,ispoor,pcwgt_ae,pcsoc,axfin,has_ew,c,dk_private,dk_public,dk0,pc_fee,scale_fac_soc,di0_prv,di0_pub,di0,dc0_prv,dc0_pub,dc0,hh_reco_rate,welf_class,c_min,macro_multiplier,dc_npv_pre,help_received,dc_post_reco,dw,const,integ,t_start_prv_reco,dk_prv_t,sav_i,sav_f,sav_offset_to,di_prv_t,di_pub_t,di_t,dc_t,dc_net,sav_delta
1430390,NCR,SS,25,1376111148003,helped,a,NCR-4th Dist.,0.006402880140072901,0,0.006402880140072901,0.0,0,1.0,28896.673999999995,38515.70375593496,12294.73950717739,50810.44326311235,0.0029825623110146253,3.0946278022325967e-07,12278.96551715384,3919.6137608613067,16198.579278015146,12278.96551715384,3919.6137608613067,16198.579278015146,0.0,3,15573.959716184301,5.63268004315001,91241.41422665921,0,0,0.0,0.01176538292023424,0.03872185705989947,0.0,38515.70375593496,105494.784665224,70222.71441824526,0.0,12278.965517153843,255.08830501676366,12534.053822170607,12534.053822170607,0.0,241.59940937872045
