,region,hazard,rp,hhid,helped_cat,affected_cat,province,pcwgt,ispoor,pcwgt_ae,pcsoc,axfin,has_ew,c,dk_private,dk_public,dk0,pc_fee,scale_fac_soc,di0_prv,di0_pub,di0,dc0_prv,dc0_pub,dc0,hh_reco_rate,welf_class,c_min,macro_multiplier,dc_npv_pre,help_received,dc_post_reco,dw,const,integ,t_start_prv_reco,dk_prv_t,sav_i,sav_f,sav_offset_to,di_prv_t,di_pub_t,di_t,dc_t,dc_net,sav_delta
1274576,NCR,EQ,1000,1375216728002,helped,a,NCR-3rd Dist.,3489.340025,0,3489.340025,2360.766294050119,0,1.0,30762.767999999993,45096.8009102923,1308.0739203804092,46404.874830672714,183.806165650196,0.1325202981453141,14689.895938395062,417.0193712159366,15106.915309610999,14689.895938395062,417.0193712159366,15106.915309610999,0.0,3,15573.959716184301,5.63268004315001,85092.42037800323,0,0,0.0,0.011402951851884191,0.033422479633289356,0.0,45096.8009102923,57285.595074487,13412.185066127066,0.0,14390.903273247186,18.470701985008077,14409.373975232194,14409.373975232194,0.0,277.6493640030637
