,region,hazard,rp,hhid,helped_cat,affected_cat,province,pcwgt,ispoor,pcwgt_ae,pcsoc,axfin,has_ew,c,dk_private,dk_public,dk0,pc_fee,scale_fac_soc,di0_prv,di0_pub,di0,dc0_prv,dc0_pub,dc0,hh_reco_rate,welf_class,c_min,macro_multiplier,dc_npv_pre,help_received,dc_post_reco,dw,const,integ,t_start_prv_reco,dk_prv_t,sav_i,sav_f,sav_offset_to,di_prv_t,di_pub_t,di_t,dc_t,dc_net,sav_delta
1267111,NCR,EQ,500,137447132015,helped,a,NCR-2nd Dist.,1183.952795,0,1183.952795,0.0,0,1.0,60795.03500000001,139158.1661361078,3996.988547386854,143155.15468349465,160.40036739559218,0.10781010475477626,44364.19841224719,1274.2564657995983,45638.45487804679,44364.19841224719,1274.2564657995983,45638.45487804679,0.0,3,15573.959716184301,5.63268004315001,257066.81399177638,0,0,0.0,0.008111402256656757,0.7002671739692415,0.0,139158.1661361078,84612.9883924169,2.842170943040401e-14,0.0,44364.19841224719,76.78565616693493,44440.98406841412,44440.98406841412,44442.47576050438,0.0
1279101,NCR,EQ,2000,137447965342,helped,a,NCR-2nd Dist.,845.3207160000001,0,845.3207160000001,7990.285726654308,0,1.0,120610.91000000006,326184.22654656856,9412.405392649618,335596.6319392182,98.39852394713854,0.1657131456114814,105312.97470739548,3000.713734381873,108313.68844177735,105312.97470739548,3000.713734381873,108313.68844177735,0.0,3,15573.959716184301,5.63268004315001,610096.3512859673,0,0,0.0,0.005758862357244591,3.046691427986546,0.0,326184.22654656856,84612.9883924169,-2.2737367544323206e-13,0.0,104068.66823394368,180.82056418608164,104249.48879812977,104249.48879812977,104254.55158079877,0.0
1280997,NCR,EQ,2000,1376538058005,helped,a,NCR-4th Dist.,2376.074545,0,2376.074545,6918.588978242684,0,1.0,133694.16000000003,367181.3386361989,10595.422250947657,377776.7608871466,110.7659377808027,0.1657131456114814,118205.42921601917,3377.864397428369,121583.29361344753,118205.42921601917,3377.864397428369,121583.29361344753,0.0,3,15573.959716184301,5.63268004315001,684839.791516914,0,0,0.0,0.005469829349494434,3.1289539406634383,0.0,367181.3386361989,105494.784665224,-5.684341886080802e-14,0.0,117128.01529775816,203.54735578030554,117331.56265353847,117331.56265353847,117336.8590443914,0.0
