,region,hazard,rp,hhid,helped_cat,affected_cat,province,pcwgt,ispoor,pcwgt_ae,pcsoc,axfin,has_ew,c,dk_private,dk_public,dk0,pc_fee,scale_fac_soc,di0_prv,di0_pub,di0,dc0_prv,dc0_pub,dc0,hh_reco_rate,welf_class,c_min,macro_multiplier,dc_npv_pre,help_received,dc_post_reco,dw,const,integ,t_start_prv_reco,dk_prv_t,sav_i,sav_f,sav_offset_to,di_prv_t,di_pub_t,di_t,dc_t,dc_net,sav_delta
1282306,NCR,EQ,2000,137651831738003,helped,a,NCR-4th Dist.,3015.30114,0,3015.30114,10502.504659922624,0,1.0,90390.695,231380.9548154892,6676.752490209092,238057.7073056983,69.79964869660311,0.1657131456114814,75505.60762261724,2128.5762844516494,77634.18390706889,75505.60762261724,2128.5762844516494,77634.18390706889,0.0,3,15573.959716184301,5.63268004315001,437288.5183595846,0,0,0.0,0.006652243423605157,1.438068164942572,0.0,231380.9548154892,105494.784665224,0.0,0.0,73887.53120454679,149.60996244924698,74037.14116699604,74037.14116699604,74042.42399894467,0.0
1431310,NCR,SS,25,13751154138008,helped,a,NCR-3rd Dist.,0.041827418741143076,1,0.041827418741143076,0.0,0,0.0,18602.977000000003,6903.275624349895,2203.620011345396,9106.895635695291,0.003514145921294016,2.949082902212812e-07,2200.7927956850435,702.5231657113582,2903.3159613964017,2200.7927956850435,702.5231657113582,2903.3159613964017,0.0,3,15573.959716184301,5.63268004315001,16353.449874716398,0,0,0.0,0.014663538071859553,0.18061933307326408,0.0,6903.275624349895,0.0,-0.003514145921294016,0.0,2200.7927956850435,49.3778236700024,2250.170619355046,2250.170619355046,2251.1298676401984,0.0
