,region,hazard,rp,hhid,helped_cat,affected_cat,province,pcwgt,ispoor,pcwgt_ae,pcsoc,axfin,has_ew,c,dk_private,dk_public,dk0,pc_fee,scale_fac_soc,di0_prv,di0_pub,di0,dc0_prv,dc0_pub,dc0,hh_reco_rate,welf_class,c_min,macro_multiplier,dc_npv_pre,help_received,dc_post_reco,dw,const,integ,t_start_prv_reco,dk_prv_t,sav_i,sav_f,sav_offset_to,di_prv_t,di_pub_t,di_t,dc_t,dc_net,sav_delta
1267656,NCR,EQ,500,137671248166,helped,a,NCR-4th Dist.,3544.30161,0,3544.30161,0.0,0,1.0,215252.44000000003,623518.656414348,17909.095800620285,641427.7522149683,113.89960723655587,0.10781010475477626,198780.3242523933,5709.493747607702,204489.818000001,198780.3242523933,5709.493747607702,204489.818000001,0.0,3,15573.959716184301,5.63268004315001,1151825.7168759834,0,0,0.0,0.004310780941394281,7.872580421068074,0.0,623518.656414348,105494.784665224,0.0,0.0,198780.3242523933,112.71262367397553,198893.0368760673,198893.0368760673,198895.2265106631,0.0
