,region,hazard,rp,hhid,helped_cat,affected_cat,province,pcwgt,ispoor,pcwgt_ae,pcsoc,axfin,has_ew,c,dk_private,dk_public,dk0,pc_fee,scale_fac_soc,di0_prv,di0_pub,di0,dc0_prv,dc0_pub,dc0,hh_reco_rate,welf_class,c_min,macro_multiplier,dc_npv_pre,help_received,dc_post_reco,dw,const,integ,t_start_prv_reco,dk_prv_t,sav_i,sav_f,sav_offset_to,di_prv_t,di_pub_t,di_t,dc_t,dc_net,sav_delta
1282337,NCR,EQ,2000,1375117613118010,helped,a,NCR-3rd Dist.,3916.6751049999993,0,3916.6751049999993,13619.805761882311,0,1.0,56311.94499999996,123649.66458723156,3568.0473641603753,127217.71195139193,37.30083643454571,0.1657131456114814,41677.00488757224,1137.5082440586546,42814.5131316309,41677.00488757224,1137.5082440586546,42814.5131316309,0.0,3,15573.959716184301,5.63268004315001,241160.4536737214,0,0,0.0,0.008428101004344737,0.31069830270269955,0.0,123649.66458723156,57285.595074487,0.0,0.0,39775.94320599431,179.38166976055322,39955.32487575486,39955.32487575486,39965.72400593316,0.0
1338674,NCR,HU,1000,133961650387,helped,a,Manila,3196.672955,0,3196.672955,0.0,0,1.0,61727.270000000004,141691.40181274153,3964.882726165439,145656.28453890697,121.71448397312773,0.08527237613135054,45171.80441413458,1264.0209973222268,46435.82541145681,45171.80441413458,1264.0209973222268,46435.82541145681,0.0,3,15573.959716184301,5.63268004315001,261558.1470823109,0,0,0.0,0.008049918078236953,0.8485873833592313,0.0,141691.40181274153,37478.5862122045,0.0,0.0,45171.80441413458,199.33235499290947,45371.13676912749,45371.13676912749,45375.00913946483,0.0
