,region,hazard,rp,hhid,helped_cat,affected_cat,province,pcwgt,ispoor,pcwgt_ae,pcsoc,axfin,has_ew,c,dk_private,dk_public,dk0,pc_fee,scale_fac_soc,di0_prv,di0_pub,di0,dc0_prv,dc0_pub,dc0,hh_reco_rate,welf_class,c_min,macro_multiplier,dc_npv_pre,help_received,dc_post_reco,dw,const,integ,t_start_prv_reco,dk_prv_t,sav_i,sav_f,sav_offset_to,di_prv_t,di_pub_t,di_t,dc_t,dc_net,sav_delta
1272527,NCR,EQ,1000,13753122264,helped,a,NCR-3rd Dist.,900.156483,0,900.156483,0.0,0,1.0,106733.08000000003,282739.15522718796,8201.107567669274,290940.26279485726,220.85665491827075,0.15158704352962088,90138.41105912236,2614.5469822906507,92752.958041413,90138.41105912236,2614.5469822906507,92752.958041413,0.0,3,15573.959716184301,5.63268004315001,522447.7357029973,0,0,0.0,0.006121818854782884,2.4319201803477544,0.0,282739.15522718796,57285.595074487,0.0,0.0,90138.41105912236,240.57573241877736,90378.98679154113,90378.98679154113,90383.66038469733,0.0
1404279,NCR,PF,1000,13754211353,helped,a,NCR-3rd Dist.,2110.1875,1,2110.1875,4085.941789532921,0,1.0,18602.90199999997,7002.936846287933,228.22669233266612,7231.163538620599,34.44275912647428,0.02770063948855114,2345.7484055554273,72.75961262463134,2418.5080181800586,2345.7484055554273,72.75961262463134,2418.5080181800586,0.0,3,15573.959716184301,5.63268004315001,13622.681848201099,0,0,0.0,0.01466356763080276,0.15235787295541325,0.0,7002.936846287933,-12061.2506500995,-12095.693409225974,0.0,2242.9796789900875,6.694925436888294,2249.6746044269757,2249.6746044269757,2250.006983636327,0.0
