,region,hazard,rp,hhid,helped_cat,affected_cat,province,pcwgt,ispoor,pcwgt_ae,pcsoc,axfin,has_ew,c,dk_private,dk_public,dk0,pc_fee,scale_fac_soc,di0_prv,di0_pub,di0,dc0_prv,dc0_pub,dc0,hh_reco_rate,welf_class,c_min,macro_multiplier,dc_npv_pre,help_received,dc_post_reco,dw,const,integ,t_start_prv_reco,dk_prv_t,sav_i,sav_f,sav_offset_to,di_prv_t,di_pub_t,di_t,dc_t,dc_net,sav_delta
1281678,NCR,EQ,2000,13751171818001,helped,a,NCR-3rd Dist.,4510.296665,0,4510.296665,8694.475276014244,0,1.0,114025.91,305072.4748523273,8803.202527143225,313875.67737947055,92.02983706535575,0.1657131456114814,98699.15449178795,2806.4973434285685,101505.65183521651,98699.15449178795,2806.4973434285685,101505.65183521651,0.0,3,15573.959716184301,5.63268004315001,571748.8593591573,0,0,0.0,0.005922815744971143,2.617493509802468,0.0,305072.4748523273,57285.595074487,5.684341886080802e-14,0.0,97396.1397862235,268.36879243441183,97664.50857865791,97664.50857865791,97672.39859657075,0.0
1282034,NCR,EQ,2000,13767183648001,helped,a,NCR-4th Dist.,4948.26614,0,4948.26614,8721.905363747876,0,1.0,113705.91,304066.2096573188,8774.165635788266,312840.37529310706,91.72628158403619,0.1657131456114814,98382.89851551782,2797.2402624744673,101180.1387779923,98382.89851551782,2797.2402624744673,101180.1387779923,0.0,3,15573.959716184301,5.63268004315001,569915.3484579456,0,0,0.0,0.005931144113459858,1.803882834378139,0.0,304066.2096573188,105494.784665224,0.0,0.0,97075.77294569106,267.483592367169,97343.25653805822,97343.25653805822,97351.13780349941,0.0
