,region,hazard,rp,hhid,helped_cat,affected_cat,province,pcwgt,ispoor,pcwgt_ae,pcsoc,axfin,has_ew,c,dk_private,dk_public,dk0,pc_fee,scale_fac_soc,di0_prv,di0_pub,di0,dc0_prv,dc0_pub,dc0,hh_reco_rate,welf_class,c_min,macro_multiplier,dc_npv_pre,help_received,dc_post_reco,dw,const,integ,t_start_prv_reco,dk_prv_t,sav_i,sav_f,sav_offset_to,di_prv_t,di_pub_t,di_t,dc_t,dc_net,sav_delta
1272602,NCR,EQ,1000,13762166287,helped,a,NCR-4th Dist.,2534.34274,0,2534.34274,789.73090360146,0,1.0,36989.88300000001,64623.77164608117,1874.4715505432912,66498.24319662446,202.61236867600596,0.1325202981453141,20706.98082259542,597.5892762561894,21304.570098851607,20706.98082259542,597.5892762561894,21304.570098851607,0.0,3,15573.959716184301,5.63268004315001,120001.8268236919,0,0,0.0,0.010398926697309633,0.039917083370421595,0.0,64623.77164608117,105494.784665224,44564.31856094097,0.0,20607.33170006094,28.586039405337058,20635.917739466277,20635.917739466277,0.0,397.6217789387128
1281598,NCR,EQ,2000,13744971314470,helped,a,NCR-2nd Dist.,1650.8316249999998,0,1650.8316249999998,0.0,0,1.0,217045.41,628630.7649520688,18139.833629188568,646770.5985812574,189.63620661225673,0.1657131456114814,200410.08557915987,5783.053920841103,206193.13950000098,200410.08557915987,5783.053920841103,206193.13950000098,0.0,3,15573.959716184301,5.63268004315001,1161419.9818961017,0,0,0.0,0.004292938754988357,6.30199488853596,0.0,628630.7649520688,84612.9883924169,0.0,0.0,200410.08557915987,276.63583305916217,200686.72141221905,200686.72141221905,200692.09553421856,0.0
