,region,hazard,rp,hhid,helped_cat,affected_cat,province,pcwgt,ispoor,pcwgt_ae,pcsoc,axfin,has_ew,c,dk_private,dk_public,dk0,pc_fee,scale_fac_soc,di0_prv,di0_pub,di0,dc0_prv,dc0_pub,dc0,hh_reco_rate,welf_class,c_min,macro_multiplier,dc_npv_pre,help_received,dc_post_reco,dw,const,integ,t_start_prv_reco,dk_prv_t,sav_i,sav_f,sav_offset_to,di_prv_t,di_pub_t,di_t,dc_t,dc_net,sav_delta
1268445,NCR,EQ,500,1375117630119,helped,a,NCR-3rd Dist.,717.806985,0,717.806985,0.0,0,1.0,52349.35500000001,112862.22923665581,3241.700075655225,116103.92931231104,162.287956783088,0.10781010475477626,35980.94506510123,1033.4673799071352,37014.41244500836,35980.94506510123,1033.4673799071352,37014.41244500836,0.0,3,15573.959716184301,5.63268004315001,208490.342287922,0,0,0.0,0.008741265837876181,1.8343708441800994,0.0,112862.22923665581,57285.595074487,0.0,0.0,35980.94506510123,12.856643692605928,35993.801708793835,35993.801708793835,35994.0514709846,0.0
1279851,NCR,EQ,2000,1374114528004,helped,a,NCR-2nd Dist.,1599.48061,0,1599.48061,9996.937898171833,0,1.0,93597.79699999999,242133.99402379605,6987.043289072078,249121.03731286814,73.04346951910401,0.1657131456114814,78849.94189897134,2227.498273354465,81077.4401723258,78849.94189897134,2227.498273354465,81077.4401723258,0.0,3,15573.959716184301,5.63268004315001,456683.2792083485,0,0,0.0,0.0065372814368483715,3.905354329199034,0.0,242133.99402379605,84612.9883924169,0.0,0.0,77213.9267723607,27.710745576688282,77241.63751793739,77241.63751793739,77242.5762092918,0.0
