,region,hazard,rp,hhid,helped_cat,affected_cat,province,pcwgt,ispoor,pcwgt_ae,pcsoc,axfin,has_ew,c,dk_private,dk_public,dk0,pc_fee,scale_fac_soc,di0_prv,di0_pub,di0,dc0_prv,dc0_pub,dc0,hh_reco_rate,welf_class,c_min,macro_multiplier,dc_npv_pre,help_received,dc_post_reco,dw,const,integ,t_start_prv_reco,dk_prv_t,sav_i,sav_f,sav_offset_to,di_prv_t,di_pub_t,di_t,dc_t,dc_net,sav_delta
1268083,NCR,EQ,500,1374412512355,helped,a,NCR-2nd Dist.,2580.42192,0,2580.42192,0.0,0,1.0,47129.449000000015,96339.63298635076,2767.1276533586188,99106.76063970938,180.16004427871394,0.11694138063953664,30713.4731036136,882.1717305871025,31595.644834200702,30713.4731036136,882.1717305871025,31595.644834200702,0.0,3,15573.959716184301,5.63268004315001,177968.158108058,0,0,0.0,0.009212633928940913,0.047433567403634455,0.0,96339.63298635076,84612.9883924169,5894.749230446357,0.0,30713.4731036136,62.004674415943676,30775.477778029544,30775.477778029544,0.0,592.999659429408
1270286,NCR,EQ,500,137511785108004,helped,a,NCR-3rd Dist.,1768.372275,0,1768.372275,0.0,0,1.0,47126.551000000014,96333.70904150697,2766.9575020814536,99100.66654358842,180.14896619867275,0.11694138063953664,30711.58452551768,882.1174856568202,31593.7020111745,30711.58452551768,882.1174856568202,31593.7020111745,0.0,3,15573.959716184301,5.63268004315001,177957.21480757094,0,0,0.0,0.009212917185429319,0.47042593059828575,0.0,96333.70904150697,57285.595074487,0.0,0.0,30711.58452551768,62.000861735119464,30773.5853872528,30773.5853872528,30774.789859541714,0.0
1282306,NCR,EQ,2000,137651831738003,helped,a,NCR-4th Dist.,3015.30114,0,3015.30114,10502.504659922624,0,1.0,90390.695,231380.9548154892,6676.752490209092,238057.7073056983,69.79964869660357,0.1657131456114814,75505.60762261724,2128.5762844516494,77634.18390706889,75505.60762261724,2128.5762844516494,77634.18390706889,0.0,3,15573.959716184301,5.63268004315001,437288.5183595846,0,0,0.0,0.006652243423605157,1.438068164942572,0.0,231380.9548154892,105494.784665224,0.0,0.0,73887.53120454679,149.60996244924698,74037.14116699604,74037.14116699604,74042.42399894467,0.0
