,region,hazard,rp,hhid,helped_cat,affected_cat,province,pcwgt,ispoor,pcwgt_ae,pcsoc,axfin,has_ew,c,dk_private,dk_public,dk0,pc_fee,scale_fac_soc,di0_prv,di0_pub,di0,dc0_prv,dc0_pub,dc0,hh_reco_rate,welf_class,c_min,macro_multiplier,dc_npv_pre,help_received,dc_post_reco,dw,const,integ,t_start_prv_reco,dk_prv_t,sav_i,sav_f,sav_offset_to,di_prv_t,di_pub_t,di_t,dc_t,dc_net,sav_delta
43059,ARMM,HU,30,156614270338,helped,a,Sulu,0.4802217850958504,1,0.4802217850958504,1199.448651855718,1,0.0,18266.126999999993,5994.5159325034865,2192.3692506438533,8186.88518314734,0.007631063528216209,6.284136395136047e-07,1911.0772043755019,698.9363767078025,2610.0135810833044,1911.0772043755019,698.9363767078025,2610.0135810833044,0.0,3,15573.959716184301,5.63268004315001,14701.37141051842,0,0,0.0,0.014798127308048649,0.019017298131998202,0.0,5994.5159325034865,10953.8735408688,0.0,0.0,1911.0764529721366,2.1758858663672016,1913.2523388385039,1913.2523388385039,1913.2946091712518,0.0
