,region,hazard,rp,hhid,helped_cat,affected_cat,province,pcwgt,ispoor,pcwgt_ae,pcsoc,axfin,has_ew,c,dk_private,dk_public,dk0,pc_fee,scale_fac_soc,di0_prv,di0_pub,di0,dc0_prv,dc0_pub,dc0,hh_reco_rate,welf_class,c_min,macro_multiplier,dc_npv_pre,help_received,dc_post_reco,dw,const,integ,t_start_prv_reco,dk_prv_t,sav_i,sav_f,sav_offset_to,di_prv_t,di_pub_t,di_t,dc_t,dc_net,sav_delta
1275432,NCR,EQ,1000,13744127388006,helped,a,NCR-2nd Dist.,4186.118855,0,4186.118855,0.0,0,1.0,105698.74000000003,279999.15730135574,8121.631423988768,288120.7887253445,218.7163543437144,0.15158704352962088,89264.88839777977,2589.2096592633147,91854.09805704308,89264.88839777977,2589.2096592633147,91854.09805704308,0.0,3,15573.959716184301,5.63268004315001,517384.7450074507,0,0,0.0,0.006151699185074651,3.359490226271939,0.0,279999.15730135574,84612.9883924169,0.0,0.0,89264.88839777977,81.11222199776658,89346.00061977754,89346.00061977754,89347.57636277456,0.0
