,region,hazard,rp,hhid,helped_cat,affected_cat,province,pcwgt,ispoor,pcwgt_ae,pcsoc,axfin,has_ew,c,dk_private,dk_public,dk0,pc_fee,scale_fac_soc,di0_prv,di0_pub,di0,dc0_prv,dc0_pub,dc0,hh_reco_rate,welf_class,c_min,macro_multiplier,dc_npv_pre,help_received,dc_post_reco,dw,const,integ,t_start_prv_reco,dk_prv_t,sav_i,sav_f,sav_offset_to,di_prv_t,di_pub_t,di_t,dc_t,dc_net,sav_delta
1276105,NCR,EQ,1000,137441091158001,helped,a,NCR-2nd Dist.,2316.51705,0,2316.51705,4903.1300680476315,0,1.0,79019.914,196337.60102375227,5694.951533260757,202032.55255701303,153.36561984823464,0.15158704352962088,63336.489530021936,1815.5740822468,65152.063612268736,63336.489530021936,1815.5740822468,65152.063612268736,0.0,3,15573.959716184301,5.63268004315001,366980.7284788661,0,0,0.0,0.00711478399318747,2.2815301572445126,0.0,196337.60102375227,84612.9883924169,0.0,0.0,62613.983782927884,50.67538115841029,62664.6591640863,62664.6591640863,62666.0466313151,0.0
