,region,hazard,rp,hhid,helped_cat,affected_cat,province,pcwgt,ispoor,pcwgt_ae,pcsoc,axfin,has_ew,c,dk_private,dk_public,dk0,pc_fee,scale_fac_soc,di0_prv,di0_pub,di0,dc0_prv,dc0_pub,dc0,hh_reco_rate,welf_class,c_min,macro_multiplier,dc_npv_pre,help_received,dc_post_reco,dw,const,integ,t_start_prv_reco,dk_prv_t,sav_i,sav_f,sav_offset_to,di_prv_t,di_pub_t,di_t,dc_t,dc_net,sav_delta
1273643,NCR,EQ,1000,137671248166,helped,a,NCR-4th Dist.,3544.30161,0,3544.30161,0.0,0,1.0,215252.44000000003,623347.0027777122,18080.749437256138,641427.7522149683,145.37372192552994,0.1325202981453141,198725.6003637036,5764.217636297413,204489.81800000102,198725.6003637036,5764.217636297413,204489.81800000102,0.0,3,15573.959716184301,5.63268004315001,1151825.7168759834,0,0,0.0,0.004310780941394281,6.96655487469583,0.0,623347.0027777122,105494.784665224,0.0,0.0,198725.6003637036,173.7590525284661,198899.35941623207,198899.35941623207,198902.73498163326,0.0
1278879,NCR,EQ,2000,137426121083,helped,a,NCR-2nd Dist.,1888.611685,0,1888.611685,0.0,0,1.0,215654.80000000008,624603.1274726586,18023.611710268076,642626.7391829267,188.4212073857026,0.1657131456114814,199126.0581071796,5746.001892821433,204872.06000000102,199126.0581071796,5746.001892821433,204872.06000000102,0.0,3,15573.959716184301,5.63268004315001,1153978.7637610373,0,0,0.0,0.004306757623553554,7.282522239109038,0.0,624603.1274726586,84612.9883924169,-1.4210854715202004e-13,0.0,199126.0581071796,173.2099493323,199299.26805651188,199299.26805651188,199302.63295464872,0.0
