,region,hazard,rp,hhid,helped_cat,affected_cat,province,pcwgt,ispoor,pcwgt_ae,pcsoc,axfin,has_ew,c,dk_private,dk_public,dk0,pc_fee,scale_fac_soc,di0_prv,di0_pub,di0,dc0_prv,dc0_pub,dc0,hh_reco_rate,welf_class,c_min,macro_multiplier,dc_npv_pre,help_received,dc_post_reco,dw,const,integ,t_start_prv_reco,dk_prv_t,sav_i,sav_f,sav_offset_to,di_prv_t,di_pub_t,di_t,dc_t,dc_net,sav_delta
1274947,NCR,EQ,1000,1376441511451,helped,a,NCR-4th Dist.,2518.1487549999997,0,2518.1487549999997,7018.667509719853,0,1.0,103545.70000000003,271371.3302335929,7871.37341568031,279242.7036492732,101.34921793694866,0.1325202981453141,87444.41738648259,2509.426372064839,89953.84375854743,87444.41738648259,2509.426372064839,89953.84375854743,0.0,3,15573.959716184301,5.63268004315001,506681.2205434042,0,0,0.0,0.006215326697047724,0.5275858273601653,0.0,271371.3302335929,105494.784665224,0.0,0.0,86692.09692204544,479.6870767419729,87171.78399878742,87171.78399878742,87184.55671609438,0.0
1275526,NCR,EQ,1000,13744271188011,helped,a,NCR-2nd Dist.,3049.848175,0,3049.848175,13075.013335704816,0,1.0,63647.95699999999,146453.5912103226,4248.020244038077,150701.61145436068,34.15513919010034,0.1325202981453141,48422.71473854333,1354.2864080388863,49777.00114658222,48422.71473854333,1354.2864080388863,49777.00114658222,0.0,3,15573.959716184301,5.63268004315001,280377.92096620885,0,0,0.0,0.007927527580457503,0.05674412716112982,0.0,146453.5912103226,84612.9883924169,10921.481748965687,0.0,47021.22363049224,258.87736551083583,47280.10099600308,47280.10099600308,0.0,911.205482018248
1279025,NCR,EQ,2000,137444118006,helped,a,NCR-2nd Dist.,1898.0478449999998,0,1898.0478449999998,5447.922292759696,0,1.0,160743.98000000004,449785.5059480092,12979.056548941562,462764.5624969508,135.6847642409908,0.1657131456114814,144296.2703004566,4137.776861602474,148434.04716205908,144296.2703004566,4137.776861602474,148434.04716205908,0.0,3,15573.959716184301,5.63268004315001,836081.4951737176,0,0,0.0,0.004988415696056007,2.012993047265018,0.0,449785.5059480092,84612.9883924169,2.2737367544323206e-13,0.0,143566.05039491213,790.9529082216009,144357.00330313374,144357.00330313374,144375.72142321558,0.0
