,region,hazard,rp,hhid,helped_cat,affected_cat,province,pcwgt,ispoor,pcwgt_ae,pcsoc,axfin,has_ew,c,dk_private,dk_public,dk0,pc_fee,scale_fac_soc,di0_prv,di0_pub,di0,dc0_prv,dc0_pub,dc0,hh_reco_rate,welf_class,c_min,macro_multiplier,dc_npv_pre,help_received,dc_post_reco,dw,const,integ,t_start_prv_reco,dk_prv_t,sav_i,sav_f,sav_offset_to,di_prv_t,di_pub_t,di_t,dc_t,dc_net,sav_delta
1267748,NCR,EQ,500,1339131058001,helped,a,Manila,2854.17202,0,2854.17202,7627.091455055327,0,1.0,32989.12099999997,51843.77644960275,1489.0896199341244,53332.866069536874,96.9505152885467,0.11694138063953664,17419.93277296459,474.727924251036,17894.660697215626,17419.93277296459,474.727924251036,17894.660697215626,0.0,3,15573.959716184301,5.63268004315001,100794.8981881473,0,0,0.0,0.011011452855358005,0.11701189887305603,0.0,51843.77644960275,37478.5862122045,2.842170943040401e-14,0.0,16598.371571865315,37.45002429793952,16635.821596163256,16635.821596163256,16637.916016693573,0.0
1278570,NCR,EQ,2000,13761125376,helped,a,NCR-4th Dist.,761.1125259999999,0,761.1125259999999,0.0,0,1.0,219400.67000000004,635452.3277552676,18336.677342923325,653789.005098191,191.6940366856309,0.1657131456114814,202584.82798979725,5845.808510203763,208430.636500001,202584.82798979725,5845.808510203763,208430.636500001,0.0,3,15573.959716184301,5.63268004315001,1174023.0865946098,0,0,0.0,0.0042698342930584925,4.895756914838531,0.0,635452.3277552676,105494.784665224,-4.547473508864641e-13,0.0,202584.82798979725,461.1602974348413,203045.9882872321,203045.9882872321,203054.9471110849,0.0
1282287,NCR,EQ,2000,137641325138004,helped,a,NCR-4th Dist.,3160.1654999999996,0,3160.1654999999996,11985.429554876162,0,1.0,72702.563,175855.63335942023,5074.5081369644595,180930.1414963847,53.04957549161501,0.1657131456114814,58049.64584228322,1617.7741636280437,59667.42000591126,58049.64584228322,1617.7741636280437,59667.42000591126,0.0,3,15573.959716184301,5.63268004315001,336087.485893546,0,0,0.0,0.007417458667386581,0.6266422575904764,0.0,175855.63335942023,105494.784665224,0.0,0.0,56220.18417048153,127.62190434032975,56347.80607482186,56347.80607482186,56353.32915363645,0.0
