,region,hazard,rp,hhid,helped_cat,affected_cat,province,pcwgt,ispoor,pcwgt_ae,pcsoc,axfin,has_ew,c,dk_private,dk_public,dk0,pc_fee,scale_fac_soc,di0_prv,di0_pub,di0,dc0_prv,dc0_pub,dc0,hh_reco_rate,welf_class,c_min,macro_multiplier,dc_npv_pre,help_received,dc_post_reco,dw,const,integ,t_start_prv_reco,dk_prv_t,sav_i,sav_f,sav_offset_to,di_prv_t,di_pub_t,di_t,dc_t,dc_net,sav_delta
1274123,NCR,EQ,1000,1374422244163,helped,a,NCR-2nd Dist.,3198.5439799999995,0,3198.5439799999995,0.0,0,1.0,105436.83000000002,279305.34979439015,8101.50690323992,287406.8566976301,218.1743989678398,0.15158704352962088,89043.6996975146,2582.7938788873357,91626.49357640193,89043.6996975146,2582.7938788873357,91626.49357640193,0.0,3,15573.959716184301,5.63268004315001,516102.7217916118,0,0,0.0,0.006159334999835254,4.484322436059227,0.0,279305.34979439015,84612.9883924169,2.2737367544323206e-13,0.0,89043.6996975146,32.13072930785864,89075.83042682246,89075.83042682246,89076.45462093833,0.0
1279851,NCR,EQ,2000,1374114528004,helped,a,NCR-2nd Dist.,1599.48061,0,1599.48061,9996.937898171833,0,1.0,93597.79699999999,242133.99402379605,6987.043289072078,249121.03731286814,73.04346951910449,0.1657131456114814,78849.94189897134,2227.498273354465,81077.4401723258,78849.94189897134,2227.498273354465,81077.4401723258,0.0,3,15573.959716184301,5.63268004315001,456683.2792083485,0,0,0.0,0.0065372814368483715,3.905354329199034,0.0,242133.99402379605,84612.9883924169,0.0,0.0,77213.9267723607,27.710745576688282,77241.63751793739,77241.63751793739,77242.5762092918,0.0
1466266,NCR,SS,500,1375427488006,helped,a,NCR-3rd Dist.,8.465846363008344,0,8.465846363008344,0.0,0,0.0,74725.54700000002,182976.34294671795,8935.475613851997,191911.81856056995,4.198425181273035,0.0021181178973641644,58333.6142508225,2848.666550067932,61182.28080089043,58333.6142508225,2848.666550067932,61182.28080089043,0.0,3,15573.959716184301,5.63268004315001,344620.21206157556,0,0,0.0,0.007316366360534334,3.3099982182524825,0.0,182976.34294671795,57285.595074487,2.842170943040401e-14,0.0,58333.6142508225,35.43826495671236,58369.052515779214,58369.052515779214,58369.740964405784,0.0
