,region,hazard,rp,hhid,helped_cat,affected_cat,province,pcwgt,ispoor,pcwgt_ae,pcsoc,axfin,has_ew,c,dk_private,dk_public,dk0,pc_fee,scale_fac_soc,di0_prv,di0_pub,di0,dc0_prv,dc0_pub,dc0,hh_reco_rate,welf_class,c_min,macro_multiplier,dc_npv_pre,help_received,dc_post_reco,dw,const,integ,t_start_prv_reco,dk_prv_t,sav_i,sav_f,sav_offset_to,di_prv_t,di_pub_t,di_t,dc_t,dc_net,sav_delta
1280413,NCR,EQ,2000,1375117243367,helped,a,NCR-3rd Dist.,1747.590075,0,1747.590075,933.9295274951708,0,1.0,203983.00000000003,588093.0285230969,16970.07256192436,605063.1010850213,177.4073705615372,0.1657131456114814,187641.25208990765,5410.129258753551,193051.3813486612,187641.25208990765,5410.129258753551,193051.3813486612,0.0,3,15573.959716184301,5.63268004315001,1087396.6630251461,0,0,0.0,0.004428258942333875,7.726585499468113,0.0,588093.0285230969,57285.595074487,0.0,0.0,187490.4874147976,139.8191541345046,187630.3065689321,187630.3065689321,187633.10049548885,0.0
