,region,hazard,rp,hhid,helped_cat,affected_cat,province,pcwgt,ispoor,pcwgt_ae,pcsoc,axfin,has_ew,c,dk_private,dk_public,dk0,pc_fee,scale_fac_soc,di0_prv,di0_pub,di0,dc0_prv,dc0_pub,dc0,hh_reco_rate,welf_class,c_min,macro_multiplier,dc_npv_pre,help_received,dc_post_reco,dw,const,integ,t_start_prv_reco,dk_prv_t,sav_i,sav_f,sav_offset_to,di_prv_t,di_pub_t,di_t,dc_t,dc_net,sav_delta
1273523,NCR,EQ,1000,137635413425,helped,a,NCR-4th Dist.,1762.7041,0,1762.7041,0.0,0,1.0,105977.91000000003,280738.6870700533,8143.082160720682,288881.76923077396,219.2940248499298,0.15158704352962088,89500.65354402474,2596.048242775063,92096.70178679981,89500.65354402474,2596.048242775063,92096.70178679981,0.0,3,15573.959716184301,5.63268004315001,518751.25419444515,0,0,0.0,0.0061435913523214605,2.477141546260663,0.0,280738.6870700533,105494.784665224,0.0,0.0,89500.65354402474,124.18351586066528,89624.83705988541,89624.83705988541,89627.2495360899,0.0
1281598,NCR,EQ,2000,13744971314470,helped,a,NCR-2nd Dist.,1650.8316249999998,0,1650.8316249999998,0.0,0,1.0,217045.41,628630.7649520688,18139.833629188568,646770.5985812574,189.63620661225795,0.1657131456114814,200410.08557915987,5783.053920841103,206193.13950000098,200410.08557915987,5783.053920841103,206193.13950000098,0.0,3,15573.959716184301,5.63268004315001,1161419.9818961017,0,0,0.0,0.004292938754988357,6.30199488853596,0.0,628630.7649520688,84612.9883924169,0.0,0.0,200410.08557915987,276.63583305916217,200686.72141221905,200686.72141221905,200692.09553421856,0.0
