,region,hazard,rp,hhid,helped_cat,affected_cat,province,pcwgt,ispoor,pcwgt_ae,pcsoc,axfin,has_ew,c,dk_private,dk_public,dk0,pc_fee,scale_fac_soc,di0_prv,di0_pub,di0,dc0_prv,dc0_pub,dc0,hh_reco_rate,welf_class,c_min,macro_multiplier,dc_npv_pre,help_received,dc_post_reco,dw,const,integ,t_start_prv_reco,dk_prv_t,sav_i,sav_f,sav_offset_to,di_prv_t,di_pub_t,di_t,dc_t,dc_net,sav_delta
1279469,NCR,EQ,2000,137623226364,helped,a,NCR-4th Dist.,4072.2218349999994,0,4072.2218349999994,5622.392126855978,0,1.0,148954.10999999996,415133.07030306984,11979.122322856887,427112.19262592675,125.23132032454136,0.1657131456114814,133277.8425664257,3818.99369826423,137096.83626468995,133277.8425664257,3818.99369826423,137096.83626468995,0.0,3,15573.959716184301,5.63268004315001,772222.6136071237,0,0,0.0,0.005182075667835375,3.8168160326139544,0.0,415133.07030306984,105494.784665224,0.0,0.0,132396.16077238895,205.03885360148777,132601.19962599044,132601.19962599044,132606.15462682667,0.0
1339206,NCR,HU,1000,137542428004,helped,a,NCR-3rd Dist.,2537.041785,0,2537.041785,0.0,0,1.0,33279.336,53012.605264950915,1483.4263772886873,54496.0316422396,136.06497174201658,0.09106416798965905,16900.637624270745,472.922459093259,17373.560083364006,16900.637624270745,472.922459093259,17373.560083364006,0.0,3,15573.959716184301,5.63268004315001,97859.70516003207,0,0,0.0,0.010963334611687824,0.03576497289207919,0.0,53012.605264950915,57285.595074487,9375.864562642477,0.0,16900.637624270745,25.39084547297132,16926.028469743716,16926.028469743716,0.0,326.13722023395326
