,region,hazard,rp,hhid,helped_cat,affected_cat,province,pcwgt,ispoor,pcwgt_ae,pcsoc,axfin,has_ew,c,dk_private,dk_public,dk0,pc_fee,scale_fac_soc,di0_prv,di0_pub,di0,dc0_prv,dc0_pub,dc0,hh_reco_rate,welf_class,c_min,macro_multiplier,dc_npv_pre,help_received,dc_post_reco,dw,const,integ,t_start_prv_reco,dk_prv_t,sav_i,sav_f,sav_offset_to,di_prv_t,di_pub_t,di_t,dc_t,dc_net,sav_delta
1267137,NCR,EQ,500,137448118017,helped,a,NCR-2nd Dist.,2679.116185,0,2679.116185,0.0,0,1.0,47007.48400000001,96090.31830972085,2759.9666800944947,98850.28498981535,179.6938130736673,0.11694138063953664,30633.990554452408,879.8887827189646,31513.879337171373,30633.990554452408,879.8887827189646,31513.879337171373,0.0,3,15573.959716184301,5.63268004315001,177507.59922472268,0,0,0.0,0.009224577676126115,0.5698463118878,0.0,96090.31830972085,84612.9883924169,0.0,0.0,30633.990554452408,20.260528951804822,30654.25108340421,30654.25108340421,30654.644678670444,0.0
1322077,NCR,HU,200,1374441868001,helped,a,NCR-2nd Dist.,1783.233264531322,0,1783.233264531322,0.0,0,1.0,24901.977000000014,26798.264630050548,783.2182188398348,27581.482848890384,47.8899194424046,0.032298242601648736,8543.397503446875,249.6932046856099,8793.090708132484,8543.397503446875,249.6932046856099,8793.090708132484,0.0,3,15573.959716184301,5.63268004315001,49528.666549305635,0,0,0.0,0.012673981878665495,0.023353449633483136,0.0,26798.264630050548,84612.9883924169,53155.620650167206,0.0,8543.397503446875,5.749495279356845,8549.146998726232,8549.146998726232,0.0,164.72560101078847
