,region,hazard,rp,hhid,helped_cat,affected_cat,province,pcwgt,ispoor,pcwgt_ae,pcsoc,axfin,has_ew,c,dk_private,dk_public,dk0,pc_fee,scale_fac_soc,di0_prv,di0_pub,di0,dc0_prv,dc0_pub,dc0,hh_reco_rate,welf_class,c_min,macro_multiplier,dc_npv_pre,help_received,dc_post_reco,dw,const,integ,t_start_prv_reco,dk_prv_t,sav_i,sav_f,sav_offset_to,di_prv_t,di_pub_t,di_t,dc_t,dc_net,sav_delta
3678,ARMM,EQ,10,153613250940,helped,a,Lanao del Sur,0.7307110007299817,0,0.7307110007299817,0.0,0,1.0,26917.188000000006,33006.135726236724,2827.6299653948067,35833.76569163153,0.021541237300221647,5.617200188021836e-06,10522.492461909374,901.4601176800155,11423.95257958939,10522.492461909374,901.4601176800155,11423.95257958939,0.0,3,15573.959716184301,5.63268004315001,64347.46970894524,0,0,0.0,0.01219032128050643,0.02848437429256836,0.0,33006.135726236724,63897.3779220945,32019.31617409725,0.0,10522.492461909374,41.494037951583344,10563.986499860957,10563.986499860957,0.0,203.56055090919546
82975,ARMM,PF,50,15661272011330,helped,a,Sulu,3.1633496702121757,0,3.1633496702121757,0.0,0,1.0,23571.982000000007,22582.02941589123,1333.3377128659474,23915.367128757178,0.03070962364211025,1.1011169867423432e-05,7199.244294279703,425.0735726587612,7624.317866938464,7199.244294279703,425.0735726587612,7624.317866938464,0.0,3,15573.959716184301,5.63268004315001,42945.343091736344,0,0,0.0,0.01302662602178163,0.021263232718308253,0.0,22582.02941589123,38805.0499265029,17155.688832391566,0.0,7199.244294279703,19.566055791254197,7218.810350070958,7218.810350070958,0.0,139.09808196558342
