,region,hazard,rp,hhid,helped_cat,affected_cat,province,pcwgt,ispoor,pcwgt_ae,pcsoc,axfin,has_ew,c,dk_private,dk_public,dk0,pc_fee,scale_fac_soc,di0_prv,di0_pub,di0,dc0_prv,dc0_pub,dc0,hh_reco_rate,welf_class,c_min,macro_multiplier,dc_npv_pre,help_received,dc_post_reco,dw,const,integ,t_start_prv_reco,dk_prv_t,sav_i,sav_f,sav_offset_to,di_prv_t,di_pub_t,di_t,dc_t,dc_net,sav_delta
1254829,NCR,EQ,200,133917607168,helped,a,Manila,3194.7836899999998,0,3194.7836899999998,0.0,0,1.0,24101.371000000003,24276.049294680626,790.0364503355755,25066.0857450162,97.7717477106573,0.0578365089834856,7739.304831894128,251.8668850616636,7991.171716955791,7739.304831894128,251.8668850616636,7991.171716955791,0.0,3,15573.959716184301,5.63268004315001,45011.713451481686,0,0,0.0,0.01288276609604292,0.02183272165133412,0.0,24276.049294680626,37478.5862122045,12487.717670075941,0.0,7739.304831894128,9.203185846812822,7748.508017740941,7748.508017740941,0.0,149.30032380141495
