,region,hazard,rp,hhid,helped_cat,affected_cat,province,pcwgt,ispoor,pcwgt_ae,pcsoc,axfin,has_ew,c,dk_private,dk_public,dk0,pc_fee,scale_fac_soc,di0_prv,di0_pub,di0,dc0_prv,dc0_pub,dc0,hh_reco_rate,welf_class,c_min,macro_multiplier,dc_npv_pre,help_received,dc_post_reco,dw,const,integ,t_start_prv_reco,dk_prv_t,sav_i,sav_f,sav_offset_to,di_prv_t,di_pub_t,di_t,dc_t,dc_net,sav_delta
1267454,NCR,EQ,500,137618228001,helped,a,NCR-4th Dist.,4593.50327,0,4593.50327,9697.301975034843,0,1.0,26692.67799999995,32210.94308840611,925.1830072190255,33136.126095625135,68.06322183516143,0.10781010475477626,11314.448904734409,294.9521658668532,11609.401070601261,11314.448904734409,294.9521658668532,11609.401070601261,0.0,3,15573.959716184301,5.63268004315001,65392.04172330009,0,0,0.0,0.012241479846367217,0.029254188153457452,0.0,32210.94308840611,105494.784665224,75124.8445031674,0.0,10322.993183650613,15.237959066976583,10338.23114271759,10338.23114271759,0.0,199.2211258151977
1279222,NCR,EQ,2000,137519337232,helped,a,NCR-3rd Dist.,2558.849605,0,2558.849605,0.0,0,1.0,217395.52000000005,629644.7920034466,18169.094497464546,647813.8865009112,189.94210357776714,0.1657131456114814,200733.36159343782,5792.3824065631725,206525.744000001,200733.36159343782,5792.3824065631725,206525.744000001,0.0,3,15573.959716184301,5.63268004315001,1163293.4366255137,0,0,0.0,0.00428948052730388,6.59653472575813,0.0,629644.7920034466,57285.595074487,1.1368683772161603e-13,0.0,200733.36159343782,299.2488146411136,201032.61040807894,201032.61040807894,201038.42382574183,0.0
1280219,NCR,EQ,2000,1374455418001,helped,a,NCR-2nd Dist.,4015.6165599999995,0,4015.6165599999995,0.0,0,1.0,217327.73000000007,629448.4511568188,18163.42886591895,647611.8800227378,189.8828743204142,0.1657131456114814,200670.76732018686,5790.576179814154,206461.343500001,200670.76732018686,5790.576179814154,206461.343500001,0.0,3,15573.959716184301,5.63268004315001,1162930.689214395,0,0,0.0,0.0042901494737212905,6.132025810095315,0.0,629448.4511568188,84612.9883924169,0.0,0.0,200670.76732018686,299.15550049579673,200969.92282068267,200969.92282068267,200975.7344255594,0.0
