,region,hazard,rp,hhid,helped_cat,affected_cat,province,pcwgt,ispoor,pcwgt_ae,pcsoc,axfin,has_ew,c,dk_private,dk_public,dk0,pc_fee,scale_fac_soc,di0_prv,di0_pub,di0,dc0_prv,dc0_pub,dc0,hh_reco_rate,welf_class,c_min,macro_multiplier,dc_npv_pre,help_received,dc_post_reco,dw,const,integ,t_start_prv_reco,dk_prv_t,sav_i,sav_f,sav_offset_to,di_prv_t,di_pub_t,di_t,dc_t,dc_net,sav_delta
1255804,NCR,EQ,200,1339150278001,helped,a,Manila,2749.72161,0,2749.72161,1815.9740050921012,0,1.0,28542.302999999996,38120.42645257675,1240.5859797982555,39361.012432375006,82.02594017740968,0.05528462566555084,12253.344922515194,395.5039368756177,12648.848859390811,12253.344922515194,395.5039368756177,12648.848859390811,0.0,3,15573.959716184301,5.63268004315001,71246.9185391114,0,0,0.0,0.011838195003112574,0.02985920001843602,0.0,38120.42645257675,37478.5862122045,6670.059096695535,0.0,12160.282743185198,28.889106894901985,12189.1718500801,12189.1718500801,0.0,234.87236091126601
