,region,hazard,rp,hhid,helped_cat,affected_cat,province,pcwgt,ispoor,pcwgt_ae,pcsoc,axfin,has_ew,c,dk_private,dk_public,dk0,pc_fee,scale_fac_soc,di0_prv,di0_pub,di0,dc0_prv,dc0_pub,dc0,hh_reco_rate,welf_class,c_min,macro_multiplier,dc_npv_pre,help_received,dc_post_reco,dw,const,integ,t_start_prv_reco,dk_prv_t,sav_i,sav_f,sav_offset_to,di_prv_t,di_pub_t,di_t,dc_t,dc_net,sav_delta
1267383,NCR,EQ,500,137547118003,helped,a,NCR-3rd Dist.,2526.2459849999996,0,2526.2459849999996,0.0,0,1.0,48529.64500000001,100662.7536584378,2891.29904979972,103554.05270823752,164.20602582165864,0.10781010475477626,32091.701838454566,921.7580848902398,33013.45992334481,32091.701838454566,921.7580848902398,33013.45992334481,0.0,3,15573.959716184301,5.63268004315001,185954.256865557,0,0,0.0,0.009078757970683091,0.36883898797614256,0.0,100662.7536584378,57285.595074487,0.0,0.0,32091.701838454566,84.81493271584571,32176.516771170413,32176.516771170413,32178.164445626597,0.0
1272954,NCR,EQ,1000,137436278007,helped,a,NCR-2nd Dist.,1372.43156,0,1372.43156,7409.17500585603,0,1.0,128994.52000000002,352097.5668558915,10212.91167747721,362310.4785333687,82.11434970678275,0.1325202981453141,113232.02537927976,3255.918445944447,116487.94382522421,113232.02537927976,3255.918445944447,116487.94382522421,0.0,3,15573.959716184301,5.63268004315001,656139.3164519198,0,0,0.0,0.0055685787434924085,2.6368602681878412,0.0,352097.5668558915,84612.9883924169,-2.2737367544323206e-13,0.0,112340.50502688198,299.5910840900759,112640.09611097205,112640.09611097205,112647.67129737938,0.0
