,region,hazard,rp,hhid,helped_cat,affected_cat,province,pcwgt,ispoor,pcwgt_ae,pcsoc,axfin,has_ew,c,dk_private,dk_public,dk0,pc_fee,scale_fac_soc,di0_prv,di0_pub,di0,dc0_prv,dc0_pub,dc0,hh_reco_rate,welf_class,c_min,macro_multiplier,dc_npv_pre,help_received,dc_post_reco,dw,const,integ,t_start_prv_reco,dk_prv_t,sav_i,sav_f,sav_offset_to,di_prv_t,di_pub_t,di_t,dc_t,dc_net,sav_delta
1276280,NCR,EQ,1000,137511851028002,helped,a,NCR-3rd Dist.,1762.7041,0,1762.7041,0.0,0,1.0,105855.09,280413.3331774737,8133.644973754266,288546.97815122793,219.039880451988,0.15158704352962088,89396.92937859932,2593.0396285725587,91989.96900717188,89396.92937859932,2593.0396285725587,91989.96900717188,0.0,3,15573.959716184301,5.63268004315001,518150.062596685,0,0,0.0,0.0061471544173828515,3.5372856114605513,0.0,280413.3331774737,57285.595074487,1.3145040611561853e-13,0.0,89396.92937859932,102.32936884966898,89499.25874744898,89499.25874744898,89501.24666964349,0.0
1281812,NCR,EQ,2000,13754114028002,helped,a,NCR-3rd Dist.,2012.360015,0,2012.360015,13619.805599248102,0,1.0,51011.99199999996,108299.35883156897,3125.097371749288,111424.45620331826,32.6701789546116,0.1657131456114814,36783.263953122165,996.2939560605754,37779.55790918274,36783.263953122165,996.2939560605754,37779.55790918274,0.0,3,15573.959716184301,5.63268004315001,212800.16187408374,0,0,0.0,0.008855107833719164,1.0685456425804132,0.0,108299.35883156897,57285.595074487,-2.842170943040401e-14,0.0,34615.350573195006,39.316842900908924,34654.667416095916,34654.667416095916,34657.161499517446,0.0
