,region,hazard,rp,hhid,helped_cat,affected_cat,province,pcwgt,ispoor,pcwgt_ae,pcsoc,axfin,has_ew,c,dk_private,dk_public,dk0,pc_fee,scale_fac_soc,di0_prv,di0_pub,di0,dc0_prv,dc0_pub,dc0,hh_reco_rate,welf_class,c_min,macro_multiplier,dc_npv_pre,help_received,dc_post_reco,dw,const,integ,t_start_prv_reco,dk_prv_t,sav_i,sav_f,sav_offset_to,di_prv_t,di_pub_t,di_t,dc_t,dc_net,sav_delta
1266664,NCR,EQ,500,13763839275,helped,a,NCR-4th Dist.,2185.879985,0,2185.879985,0.0,0,1.0,39050.199,71118.69690899436,2042.7160327213403,73161.4129417157,166.42687789425435,0.10781010475477626,22672.934460814424,651.2263124169874,23324.16077323141,22672.934460814424,651.2263124169874,23324.16077323141,0.0,3,15573.959716184301,5.63268004315001,131377.53491060287,0,0,0.0,0.010120882199254654,0.041587257559597024,0.0,71118.69690899436,105494.784665224,32475.51692206453,0.0,22672.934460814424,23.795731543036286,22696.73019235746,22696.73019235746,0.0,437.32548102027596
