,region,hazard,rp,hhid,helped_cat,affected_cat,province,pcwgt,ispoor,pcwgt_ae,pcsoc,axfin,has_ew,c,dk_private,dk_public,dk0,pc_fee,scale_fac_soc,di0_prv,di0_pub,di0,dc0_prv,dc0_pub,dc0,hh_reco_rate,welf_class,c_min,macro_multiplier,dc_npv_pre,help_received,dc_post_reco,dw,const,integ,t_start_prv_reco,dk_prv_t,sav_i,sav_f,sav_offset_to,di_prv_t,di_pub_t,di_t,dc_t,dc_net,sav_delta
1267733,NCR,EQ,500,1339123504174,helped,a,Manila,4838.16076,0,4838.16076,0.0,0,1.0,47057.43000000001,96192.41539362981,2762.8991768816873,98955.3145705115,179.8847398458336,0.11694138063953664,30666.53952670186,880.8236748127786,31547.36320151464,30666.53952670186,880.8236748127786,31547.36320151464,0.0,3,15573.959716184301,5.63268004315001,177696.20311917653,0,0,0.0,0.009219680967204815,1.1706951098353269,0.0,96192.41539362981,37478.5862122045,0.0,0.0,30666.53952670186,37.540853399925304,30704.080380101786,30704.080380101786,30704.80967508829,0.0
1393522,NCR,PF,250,1339176012288,helped,a,Manila,1886.6703351039641,1,1886.6703351039641,2971.5941209447938,0,1.0,19301.583999999984,9228.62336001867,291.0831704942487,9519.706530512918,27.19973232393346,0.020885173938751094,3004.1855230216406,92.79851760652139,3096.984040628162,3004.1855230216406,92.79851760652139,3096.984040628162,0.0,3,15573.959716184301,5.63268004315001,17444.32019960033,0,0,0.0,0.014395724280274216,0.25303188416901073,0.0,9228.62336001867,-12598.6912879552,-12625.891020279134,0.0,2944.7683669101457,3.9550884527908314,2948.7234553629364,2948.7234553629364,2948.851675337048,0.0
1395531,NCR,PF,250,13751742108006,helped,a,NCR-3rd Dist.,941.2920808282768,0,941.2920808282768,0.0,0,1.0,24721.59400000001,26215.26326226044,826.8645981132262,27042.127860373665,32.939130396663465,0.020885173938751094,8357.53425823887,263.60785075939503,8621.142108998265,8357.53425823887,263.60785075939503,8621.142108998265,0.0,3,15573.959716184301,5.63268004315001,48560.13510651472,0,0,0.0,0.012720136178293958,0.023043252182236428,0.0,26215.26326226044,57285.595074487,31668.039455802897,0.0,8357.53425823887,11.235011005501496,8368.76926924437,8368.76926924437,0.0,161.25216817841107
