,region,hazard,rp,hhid,helped_cat,affected_cat,province,pcwgt,ispoor,pcwgt_ae,pcsoc,axfin,has_ew,c,dk_private,dk_public,dk0,pc_fee,scale_fac_soc,di0_prv,di0_pub,di0,dc0_prv,dc0_pub,dc0,hh_reco_rate,welf_class,c_min,macro_multiplier,dc_npv_pre,help_received,dc_post_reco,dw,const,integ,t_start_prv_reco,dk_prv_t,sav_i,sav_f,sav_offset_to,di_prv_t,di_pub_t,di_t,dc_t,dc_net,sav_delta
1272417,NCR,EQ,1000,13743318289,helped,a,NCR-2nd Dist.,2940.9891949999997,0,2940.9891949999997,5977.149145153523,0,1.0,71710.64099999999,173579.3615501005,5034.828000585479,178614.189550686,118.73639997228331,0.1325202981453141,56129.91133688754,1605.123972178838,57735.03530906638,56129.91133688754,1605.123972178838,57735.03530906638,0.0,3,15573.959716184301,5.63268004315001,325202.9811759394,0,0,0.0,0.007468582683959322,2.9950151235499334,0.0,173579.3615501005,84612.9883924169,2.842170943040401e-14,0.0,55344.027344162496,12.583321507846753,55356.61066567034,55356.61066567034,55356.975750047946,0.0
1279751,NCR,EQ,2000,1339150248004,helped,a,Manila,916.573851,0,916.573851,0.0,0,1.0,214049.44000000003,619953.5074469531,17889.441799395718,637842.9492463488,187.01857749066326,0.1657131456114814,197643.7400292006,5703.227970800408,203346.968000001,197643.7400292006,5703.227970800408,203346.968000001,0.0,3,15573.959716184301,5.63268004315001,1145388.4084886694,0,0,0.0,0.004322877687534973,10.912243259844603,0.0,619953.5074469531,37478.5862122045,0.0,0.0,197643.7400292006,44.71028558106294,197688.45031478166,197688.45031478166,197689.31888819346,0.0
