,region,hazard,rp,hhid,helped_cat,affected_cat,province,pcwgt,ispoor,pcwgt_ae,pcsoc,axfin,has_ew,c,dk_private,dk_public,dk0,pc_fee,scale_fac_soc,di0_prv,di0_pub,di0,dc0_prv,dc0_pub,dc0,hh_reco_rate,welf_class,c_min,macro_multiplier,dc_npv_pre,help_received,dc_post_reco,dw,const,integ,t_start_prv_reco,dk_prv_t,sav_i,sav_f,sav_offset_to,di_prv_t,di_pub_t,di_t,dc_t,dc_net,sav_delta
1273646,NCR,EQ,1000,137671548001,helped,a,NCR-4th Dist.,4745.887355,0,4745.887355,0.0,0,1.0,107507.09000000004,284789.53111381474,8260.580593918043,293050.1117077328,222.45826952054094,0.15158704352962088,90792.07936461747,2633.5072288211813,93425.58659343865,90792.07936461747,2633.5072288211813,93425.58659343865,0.0,3,15573.959716184301,5.63268004315001,526236.4371244451,0,0,0.0,0.006099741667000153,1.1139068630892028,0.0,284789.53111381474,105494.784665224,0.0,0.0,90792.07936461747,356.04917462116504,91148.12853923863,91148.12853923863,91155.04540059056,0.0
1275186,NCR,EQ,1000,13391311128006,helped,a,Manila,1008.3390249999999,0,1008.3390249999999,5447.922597263356,0,1.0,77860.48400000001,191823.0640289462,5564.003262290374,197387.06729123657,149.83916968827558,0.15158704352962088,61979.819969342745,1773.8272323394165,63753.647201682164,61979.819969342745,1773.8272323394165,63753.647201682164,0.0,3,15573.959716184301,5.63268004315001,359103.89627094165,0,0,0.0,0.007167561798819188,1.4843280240152312,0.0,191823.0640289462,37478.5862122045,-5.684341886080802e-14,0.0,61265.63799668865,239.82076642246392,61505.45876311111,61505.45876311111,61512.286729797015,0.0
1280794,NCR,EQ,2000,1376218918001,helped,a,NCR-4th Dist.,504.70935949999995,0,504.70935949999995,3268.753404205496,0,1.0,183725.77000000002,522659.4397162442,15081.91423291298,537741.3539491572,157.66831504887236,0.1657131456114814,167167.66459388137,4808.176580963392,171975.84117484477,167167.66459388137,4808.176580963392,171975.84117484477,0.0,3,15573.959716184301,5.63268004315001,968684.888489484,0,0,0.0,0.0046660023970437935,2.878329316185197,0.0,522659.4397162442,105494.784665224,0.0,0.0,166699.22349407282,650.0636430191756,167349.287137092,167349.287137092,167363.3384311465,0.0
