,region,hazard,rp,hhid,helped_cat,affected_cat,province,pcwgt,ispoor,pcwgt_ae,pcsoc,axfin,has_ew,c,dk_private,dk_public,dk0,pc_fee,scale_fac_soc,di0_prv,di0_pub,di0,dc0_prv,dc0_pub,dc0,hh_reco_rate,welf_class,c_min,macro_multiplier,dc_npv_pre,help_received,dc_post_reco,dw,const,integ,t_start_prv_reco,dk_prv_t,sav_i,sav_f,sav_offset_to,di_prv_t,di_pub_t,di_t,dc_t,dc_net,sav_delta
1275381,NCR,EQ,1000,13744111168009,helped,a,NCR-2nd Dist.,1085.867385,0,1085.867385,0.0,0,1.0,199413.8,573557.031379812,16636.545818209284,590193.5771980213,152.0601850937214,0.1325202981453141,182852.35173324894,5303.799554613199,188156.15128786213,182852.35173324894,5303.799554613199,188156.15128786213,0.0,3,15573.959716184301,5.63268004315001,1059823.3983550551,0,0,0.0,0.004478704312665748,6.309880433509074,0.0,573557.031379812,84612.9883924169,0.0,0.0,182852.35173324894,201.4031384116634,183053.7548716606,183053.7548716606,183057.66747049114,0.0
1429444,NCR,SS,25,1339176012288,helped,a,Manila,0.04193634600063273,1,0.04193634600063273,2971.5941209447938,0,1.0,19301.583999999984,9135.749854177526,2916.2563242152523,12052.006178392778,0.002795207650788626,2.949082902212812e-07,2912.5156818315545,929.7145671057115,3842.230248937266,2912.5156818315545,929.7145671057115,3842.230248937266,0.0,3,15573.959716184301,5.63268004315001,21642.053644376236,0,0,0.0,0.014395724280274216,0.2827098424160352,0.0,9135.749854177526,0.0,-0.002795207650788626,0.0,2912.5148387616896,35.30439446552333,2947.819233227213,2947.819233227213,2948.5050818380682,0.0
