,region,hazard,rp,hhid,helped_cat,affected_cat,province,pcwgt,ispoor,pcwgt_ae,pcsoc,axfin,has_ew,c,dk_private,dk_public,dk0,pc_fee,scale_fac_soc,di0_prv,di0_pub,di0,dc0_prv,dc0_pub,dc0,hh_reco_rate,welf_class,c_min,macro_multiplier,dc_npv_pre,help_received,dc_post_reco,dw,const,integ,t_start_prv_reco,dk_prv_t,sav_i,sav_f,sav_offset_to,di_prv_t,di_pub_t,di_t,dc_t,dc_net,sav_delta
8490,ARMM,EQ,25,15661238016112,helped,a,Sulu,10.095890675458783,0,10.095890675458783,0.0,0,0.0,25523.717000000004,28553.081771584373,3694.075749727722,32247.157521312096,0.22696421945829023,4.143555160646184e-05,9102.840459658833,1177.6866141689386,10280.527073827772,9102.840459658833,1177.6866141689386,10280.527073827772,0.0,3,15573.959716184301,5.63268004315001,57906.919681813066,0,0,0.0,0.012518665504338791,0.02691194212617623,0.0,28553.081771584373,38805.0499265029,12659.269276292758,0.0,9102.840459658833,65.70962251172438,9168.550082170557,9168.550082170557,0.0,176.68259351543963
11410,ARMM,EQ,30,15361733228003,helped,a,Lanao del Sur,17.040662780722418,0,17.040662780722418,0.0,1,1.0,24476.785000000003,25273.98147361893,3702.9051677467246,28976.886641365654,0.3400332190868341,5.566452572472982e-05,8057.44973432898,1180.5014691195033,9237.951203448483,8057.44973432898,1180.5014691195033,9237.951203448483,0.0,3,15573.959716184301,5.63268004315001,52034.42338325789,0,0,0.0,0.012783589286938492,0.025085664993285677,0.0,25273.98147361893,63897.3779220945,40639.58432273095,0.0,8057.44973432898,65.86667877270378,8123.316413101684,8123.316413101684,0.0,156.54327524985905
91755,ARMM,PF,250,1536344502257,helped,a,Lanao del Sur,16.407478207913012,1,16.407478207913012,172.72059905498423,0,1.0,19708.680000000004,10459.597754138827,1177.2475042774388,11636.845258416266,0.22811035789381273,4.541958981141491e-05,3334.570831472255,375.3113691438296,3709.882200616085,3334.570831472255,375.3113691438296,3709.882200616085,0.0,3,15573.959716184301,5.63268004315001,20896.579433847666,0,0,0.0,0.01424627182445338,0.023419995798525963,0.0,10459.597754138827,9068.35363117985,7.105427357601002e-15,0.0,3334.563424283603,20.940688375066976,3355.5041126586702,3355.5041126586702,3355.910929682859,0.0
