,region,hazard,rp,hhid,helped_cat,affected_cat,province,pcwgt,ispoor,pcwgt_ae,pcsoc,axfin,has_ew,c,dk_private,dk_public,dk0,pc_fee,scale_fac_soc,di0_prv,di0_pub,di0,dc0_prv,dc0_pub,dc0,hh_reco_rate,welf_class,c_min,macro_multiplier,dc_npv_pre,help_received,dc_post_reco,dw,const,integ,t_start_prv_reco,dk_prv_t,sav_i,sav_f,sav_offset_to,di_prv_t,di_pub_t,di_t,dc_t,dc_net,sav_delta
1400232,NCR,PF,500,1375151148002,helped,a,NCR-3rd Dist.,3194.7836899999998,0,3194.7836899999998,1271.1818401702185,0,1.0,50775.20300000001,107878.34716994192,3404.87734965519,111283.2245195971,32.127055098159246,0.02330943334325528,34421.69339553688,1085.4889691613619,35507.182364698245,34421.69339553688,1085.4889691613619,35507.182364698245,0.0,3,15573.959716184301,5.63268004315001,200000.5974941238,0,0,0.0,0.008875731613666008,1.2572049950964204,0.0,107878.34716994192,57285.595074487,0.0,0.0,34392.85867907757,29.15388616869356,34422.01256524627,34422.01256524627,34422.59438911756,0.0
