,region,hazard,rp,hhid,helped_cat,affected_cat,province,pcwgt,ispoor,pcwgt_ae,pcsoc,axfin,has_ew,c,dk_private,dk_public,dk0,pc_fee,scale_fac_soc,di0_prv,di0_pub,di0,dc0_prv,dc0_pub,dc0,hh_reco_rate,welf_class,c_min,macro_multiplier,dc_npv_pre,help_received,dc_post_reco,dw,const,integ,t_start_prv_reco,dk_prv_t,sav_i,sav_f,sav_offset_to,di_prv_t,di_pub_t,di_t,dc_t,dc_net,sav_delta
1268468,NCR,EQ,500,1375118163188,helped,a,NCR-3rd Dist.,3369.472065,0,3369.472065,0.0,0,1.0,47017.027,96109.82562705844,2760.5269815568777,98870.35260861531,179.7302927554592,0.11694138063953664,30640.209567830385,880.0674091405253,31520.276976970912,30640.209567830385,880.0674091405253,31520.276976970912,0.0,3,15573.959716184301,5.63268004315001,177543.6350827448,0,0,0.0,0.009223641476862976,1.0231164340821124,0.0,96109.82562705844,57285.595074487,-1.4210854715202004e-14,0.0,30640.209567830385,23.636707323412583,30663.8462751538,30663.8462751538,30664.30545843247,0.0
1275777,NCR,EQ,1000,13751281848004,helped,a,NCR-3rd Dist.,506.86860499999995,0,506.86860499999995,3268.75337248398,0,1.0,87865.508,224099.36018285598,6500.20672668663,230599.5669095426,175.0512235192213,0.15158704352962088,71939.3027395182,2072.2927654945834,74011.59550501278,71939.3027395182,2072.2927654945834,74011.59550501278,0.0,3,15573.959716184301,5.63268004315001,416883.6369627765,0,0,0.0,0.006747156497078556,3.2381894730563325,0.0,224099.36018285598,57285.595074487,-8.526512829121202e-14,0.0,71457.1101558779,55.657302017645186,71512.76745789555,71512.76745789555,71514.10722777195,0.0
