,region,hazard,rp,hhid,helped_cat,affected_cat,province,pcwgt,ispoor,pcwgt_ae,pcsoc,axfin,has_ew,c,dk_private,dk_public,dk0,pc_fee,scale_fac_soc,di0_prv,di0_pub,di0,dc0_prv,dc0_pub,dc0,hh_reco_rate,welf_class,c_min,macro_multiplier,dc_npv_pre,help_received,dc_post_reco,dw,const,integ,t_start_prv_reco,dk_prv_t,sav_i,sav_f,sav_offset_to,di_prv_t,di_pub_t,di_t,dc_t,dc_net,sav_delta
30563,ARMM,EQ,1000,1566413027483,helped,a,Sulu,583.1039764904393,1,583.1039764904393,0.0,0,0.0,18308.328,6107.315629935008,1342.6600512222485,7449.975681157256,13.344316917627618,0.0014793192486843667,1947.037460292831,428.04557264976796,2375.083032942599,1947.037460292831,428.04557264976796,2375.083032942599,0.0,3,15573.959716184301,5.63268004315001,13378.082800479975,0,0,0.0,0.01478106250414748,0.008207493425084776,0.0,6107.315629935008,10953.8735408688,3160.6429407730984,0.0,1947.037460292831,8.450160675909304,1955.4876209687402,1955.4876209687402,0.0,37.6811518251512
