,region,hazard,rp,hhid,helped_cat,affected_cat,province,pcwgt,ispoor,pcwgt_ae,pcsoc,axfin,has_ew,c,dk_private,dk_public,dk0,pc_fee,scale_fac_soc,di0_prv,di0_pub,di0,dc0_prv,dc0_pub,dc0,hh_reco_rate,welf_class,c_min,macro_multiplier,dc_npv_pre,help_received,dc_post_reco,dw,const,integ,t_start_prv_reco,dk_prv_t,sav_i,sav_f,sav_offset_to,di_prv_t,di_pub_t,di_t,dc_t,dc_net,sav_delta
1272717,NCR,EQ,1000,13767436141,helped,a,NCR-4th Dist.,1012.657535,0,1012.657535,0.0,0,1.0,105526.37000000001,279542.54396098823,8108.3869367928655,287650.9308977811,218.35967896614366,0.15158704352962088,89119.31817799166,2584.987262014613,91704.30544000628,89119.31817799166,2584.987262014613,91704.30544000628,0.0,3,15573.959716184301,5.63268004315001,516541.01112285635,0,0,0.0,0.00615672132187457,3.584183128646705,0.0,279542.54396098823,105494.784665224,-2.2737367544323206e-13,0.0,89119.31817799166,51.03091611012878,89170.3490941018,89170.3490941018,89171.34045652181,0.0
1275959,NCR,EQ,1000,13764824178010,helped,a,NCR-4th Dist.,1292.5718049999998,0,1292.5718049999998,2723.961432069145,0,1.0,90721.28100000003,233107.55950164347,6761.497779724612,239869.0572813681,182.08781796184758,0.15158704352962088,74728.57050765198,2155.5934329450597,76884.16394059703,74728.57050765198,2155.5934329450597,76884.16394059703,0.0,3,15573.959716184301,5.63268004315001,433063.8958624746,0,0,0.0,0.006640112060491324,2.8643830484089454,0.0,233107.55950164347,105494.784665224,0.0,0.0,74323.80475614061,42.55413914822688,74366.35889528884,74366.35889528884,74367.34393881845,0.0
1338651,NCR,HU,1000,133918206247,helped,a,Manila,3309.8498749999994,0,3309.8498749999994,0.0,0,1.0,33245.445000000014,52958.61830424248,1481.915685989056,54440.53399023154,135.9264059377798,0.09106416798965905,16883.42635810473,472.44084446425524,17355.867202568985,16883.42635810473,472.44084446425524,17355.867202568985,0.0,3,15573.959716184301,5.63268004315001,97760.04682347212,0,0,0.0,0.010968921297747382,0.6069978109963805,0.0,52958.61830424248,37478.5862122045,7.105427357601002e-15,0.0,16883.42635810473,9.326579459453258,16892.752937564183,16892.752937564183,16892.93412224767,0.0
