,region,hazard,rp,hhid,helped_cat,affected_cat,province,pcwgt,ispoor,pcwgt_ae,pcsoc,axfin,has_ew,c,dk_private,dk_public,dk0,pc_fee,scale_fac_soc,di0_prv,di0_pub,di0,dc0_prv,dc0_pub,dc0,hh_reco_rate,welf_class,c_min,macro_multiplier,dc_npv_pre,help_received,dc_post_reco,dw,const,integ,t_start_prv_reco,dk_prv_t,sav_i,sav_f,sav_offset_to,di_prv_t,di_pub_t,di_t,dc_t,dc_net,sav_delta
1281068,NCR,EQ,2000,13391039098008,helped,a,Manila,2134.89377,0,2134.89377,6966.802784034541,0,1.0,133939.39,367751.958585605,10611.888118552008,378363.846704157,110.93807412642238,0.1657131456114814,118395.33487530188,3383.113784063105,121778.44865936498,118395.33487530188,3383.113784063105,121778.44865936498,0.0,3,15573.959716184301,5.63268004315001,685939.0374493733,0,0,0.0,0.005464819692544812,3.912606430145195,0.0,367751.958585605,37478.5862122045,0.0,0.0,117328.4807262251,256.80999350464816,117585.29071972975,117585.29071972975,117591.98218226216,0.0
1472749,NCR,SS,1000,13391254038002,helped,a,Manila,413.78841533965806,1,413.78841533965806,2723.961214148936,0,1.0,18676.10899999999,7262.74711040524,294.9734015966899,7557.72051200193,5.089998490618105,0.0030606421937380344,2323.730861521951,94.03873935771486,2417.7696008796656,2323.730861521951,94.03873935771486,2417.7696008796656,0.0,3,15573.959716184301,5.63268004315001,13618.522579809658,0,0,0.0,0.014634800133768512,0.1667352510661313,0.0,7262.74711040524,-12598.6912879552,-12603.781286445817,0.0,2316.0266525700067,7.138420279390043,2323.165072849397,2323.165072849397,2323.3160432311056,0.0
