,region,hazard,rp,hhid,helped_cat,affected_cat,province,pcwgt,ispoor,pcwgt_ae,pcsoc,axfin,has_ew,c,dk_private,dk_public,dk0,pc_fee,scale_fac_soc,di0_prv,di0_pub,di0,dc0_prv,dc0_pub,dc0,hh_reco_rate,welf_class,c_min,macro_multiplier,dc_npv_pre,help_received,dc_post_reco,dw,const,integ,t_start_prv_reco,dk_prv_t,sav_i,sav_f,sav_offset_to,di_prv_t,di_pub_t,di_t,dc_t,dc_net,sav_delta
10611,ARMM,EQ,30,157051017377,helped,a,Tawi-tawi,45.96545295018676,0,45.96545295018676,0.0,1,1.0,23175.590000000007,21260.284529261447,3114.8561825662964,24375.140711827742,0.3437341663318458,5.566452572472982e-05,6777.866562530464,993.0290226290209,7770.895585159485,6777.866562530464,993.0290226290209,7770.895585159485,0.0,3,15573.959716184301,5.63268004315001,43770.96847993035,0,0,0.0,0.013137556478889818,0.022095777431331575,0.0,21260.284529261447,69910.6367961108,48767.61017414037,0.0,6777.866562530465,43.98343195896014,6821.849994489425,6821.849994489425,0.0,131.45865987538008
20250,ARMM,EQ,200,156642024300,helped,a,Sulu,152.29931153176244,1,152.29931153176244,0.0,0,0.0,20281.623000000007,12226.652079875877,2183.948268020729,14410.600347896607,4.6722204489459545,0.0006261267271020051,3897.9072076775765,696.2517326492356,4594.158940326812,3897.9072076775765,696.2517326492356,4594.158940326812,0.0,3,15573.959716184301,5.63268004315001,25877.427378238033,0,0,0.0,0.014043606200407179,0.04643423913656651,0.0,12226.652079875877,10953.8735408688,0.0,0.0,3897.9072076775765,30.838515301607856,3928.7457229791844,3928.7457229791844,3929.344813638129,0.0
