,region,hazard,rp,hhid,helped_cat,affected_cat,province,pcwgt,ispoor,pcwgt_ae,pcsoc,axfin,has_ew,c,dk_private,dk_public,dk0,pc_fee,scale_fac_soc,di0_prv,di0_pub,di0,dc0_prv,dc0_pub,dc0,hh_reco_rate,welf_class,c_min,macro_multiplier,dc_npv_pre,help_received,dc_post_reco,dw,const,integ,t_start_prv_reco,dk_prv_t,sav_i,sav_f,sav_offset_to,di_prv_t,di_pub_t,di_t,dc_t,dc_net,sav_delta
1268494,NCR,EQ,500,1375119188005,helped,a,NCR-3rd Dist.,1507.89339,0,1507.89339,0.0,0,1.0,47037.36300000001,96151.39544843297,2761.7209761643408,98913.11642459732,179.80803044894373,0.11694138063953664,30653.462198664987,880.4480595553694,31533.910258220356,30653.462198664987,880.4480595553694,31533.910258220356,0.0,3,15573.959716184301,5.63268004315001,177620.42699396118,0,0,0.0,0.009221647399824251,0.8716621330232112,0.0,96151.39544843297,57285.595074487,-3.552713678800501e-14,0.0,30653.462198664987,30.956998879825836,30684.419197544812,30684.419197544812,30685.02058994897,0.0
1273488,NCR,EQ,1000,137623334215,helped,a,NCR-4th Dist.,2537.041785,0,2537.041785,0.0,0,1.0,105767.89000000004,280182.3377416088,8126.944740050709,288309.2824816595,218.85944248178367,0.15158704352962088,89323.28707909524,2590.9035663802592,91914.19064547551,89323.28707909524,2590.9035663802592,91914.19064547551,0.0,3,15573.959716184301,5.63268004315001,517723.22733105527,0,0,0.0,0.006149687896249994,2.8689253967564556,0.0,280182.3377416088,105494.784665224,0.0,0.0,89323.28707909524,91.09747921152234,89414.38455830676,89414.38455830676,89416.15428192398,0.0
