,region,hazard,rp,hhid,helped_cat,affected_cat,province,pcwgt,ispoor,pcwgt_ae,pcsoc,axfin,has_ew,c,dk_private,dk_public,dk0,pc_fee,scale_fac_soc,di0_prv,di0_pub,di0,dc0_prv,dc0_pub,dc0,hh_reco_rate,welf_class,c_min,macro_multiplier,dc_npv_pre,help_received,dc_post_reco,dw,const,integ,t_start_prv_reco,dk_prv_t,sav_i,sav_f,sav_offset_to,di_prv_t,di_pub_t,di_t,dc_t,dc_net,sav_delta
1274763,NCR,EQ,1000,1376118126196,helped,a,NCR-4th Dist.,2528.94503,0,2528.94503,0.0,0,1.0,61990.14500000001,142616.05042839446,4136.708866869175,146752.75929526365,205.3748977741388,0.1325202981453141,45466.586213761875,1318.7998810216238,46785.3860947835,45466.586213761875,1318.7998810216238,46785.3860947835,0.0,3,15573.959716184301,5.63268004315001,263527.110567155,0,0,0.0,0.008032831730176155,0.05441981183826493,0.0,142616.05042839446,105494.784665224,15369.801682295274,0.0,45466.586213761875,165.09364166614697,45631.679855428025,45631.679855428025,0.0,879.2849148453047
1303366,NCR,HU,30,137614198005,helped,a,NCR-4th Dist.,1281.2628402833495,1,1281.2628402833495,1210.6494054703844,0,1.0,17442.550999999992,3405.3807810600883,82.82360674927195,3488.2043878093605,6.956933031409038,0.0061399856163952705,1093.0828351096761,26.40450808649474,1119.487343196171,1093.0828351096761,26.40450808649474,1119.487343196171,0.0,3,15573.959716184301,5.63268004315001,6305.714016580098,0,0,0.0,0.01514345582201188,0.0648225289788626,0.0,3405.3807810600883,0.0,-6.956933031409038,0.0,1086.5800097772565,3.3054419090679055,1089.8854516863244,1089.8854516863244,1089.9677429356395,0.0
