,region,hazard,rp,hhid,helped_cat,affected_cat,province,pcwgt,ispoor,pcwgt_ae,pcsoc,axfin,has_ew,c,dk_private,dk_public,dk0,pc_fee,scale_fac_soc,di0_prv,di0_pub,di0,dc0_prv,dc0_pub,dc0,hh_reco_rate,welf_class,c_min,macro_multiplier,dc_npv_pre,help_received,dc_post_reco,dw,const,integ,t_start_prv_reco,dk_prv_t,sav_i,sav_f,sav_offset_to,di_prv_t,di_pub_t,di_t,dc_t,dc_net,sav_delta
1268412,NCR,EQ,500,1375116216232,helped,a,NCR-3rd Dist.,3911.9793499999996,0,3911.9793499999996,0.0,0,1.0,138068.58000000005,380829.9693507854,10938.438384621777,391768.4077354072,139.3892375765843,0.10781010475477626,121410.16794575601,3487.219358300996,124897.387304057,121410.16794575601,3487.219358300996,124897.387304057,0.0,3,15573.959716184301,5.63268004315001,703507.0209091393,0,0,0.0,0.005382481756995343,3.420810551821667,0.0,380829.9693507854,57285.595074487,0.0,0.0,121410.16794575601,297.10544612962553,121707.27339188564,121707.27339188564,121713.04517096635,0.0
1435431,NCR,SS,30,1339176012288,helped,a,Manila,0.05118872090385877,1,0.05118872090385877,2971.5941209447938,0,1.0,19301.583999999984,8981.01308975923,3105.5611110654922,12086.574200824722,0.00364485164006415,3.624646480608639e-07,2863.1851626610464,990.0657154242223,3853.2508780852686,2863.1851626610464,990.0657154242223,3853.2508780852686,0.0,3,15573.959716184301,5.63268004315001,21704.129322241148,0,0,0.0,0.014395724280274216,0.22135474707705227,0.0,8981.01308975923,0.0,-0.00364485164006415,0.0,2863.18417733022,84.35199677891063,2947.5361741091306,2947.5361741091306,2949.174857029371,0.0
