,region,hazard,rp,hhid,helped_cat,affected_cat,province,pcwgt,ispoor,pcwgt_ae,pcsoc,axfin,has_ew,c,dk_private,dk_public,dk0,pc_fee,scale_fac_soc,di0_prv,di0_pub,di0,dc0_prv,dc0_pub,dc0,hh_reco_rate,welf_class,c_min,macro_multiplier,dc_npv_pre,help_received,dc_post_reco,dw,const,integ,t_start_prv_reco,dk_prv_t,sav_i,sav_f,sav_offset_to,di_prv_t,di_pub_t,di_t,dc_t,dc_net,sav_delta
1278700,NCR,EQ,2000,13767272222,helped,a,NCR-4th Dist.,1737.8349999999998,0,1737.8349999999998,11440.636585032527,0,1.0,78264.797,193543.4758972363,5584.910329767944,199128.38622700423,58.38538714614312,0.1657131456114814,63598.32377867669,1780.492491846257,65378.81627052295,63598.32377867669,1780.492491846257,65378.81627052295,0.0,3,15573.959716184301,5.63268004315001,368257.9536517458,0,0,0.0,0.007149024149176099,1.2068500978937242,0.0,193543.4758972363,105494.784665224,0.0,0.0,61808.240589821515,99.34348248216914,61907.58407230368,61907.58407230368,61911.56895850613,0.0
1279183,NCR,EQ,2000,137511772242,helped,a,NCR-3rd Dist.,4172.759005,0,4172.759005,9938.59521402291,0,1.0,96543.102,250833.48848135245,7238.076790638221,258071.56527199066,75.66780676181145,0.1657131456114814,81613.7085315455,2307.5287910080874,83921.23732255358,81613.7085315455,2307.5287910080874,83921.23732255358,0.0,3,15573.959716184301,5.63268004315001,472701.47866320336,0,0,0.0,0.00643679045487721,2.7857773269889186,0.0,250833.48848135245,57285.595074487,0.0,0.0,80058.64539487229,128.74974035352867,80187.39513522582,80187.39513522582,80191.68149101095,0.0
1338904,NCR,HU,1000,137444321264,helped,a,NCR-2nd Dist.,3037.9727,0,3037.9727,0.0,0,1.0,39688.33200000001,73080.59096791482,2044.9792227307285,75125.57019064555,125.26882556221055,0.08527237613135054,23298.39439400028,651.947826744238,23950.34222074452,23298.39439400028,651.947826744238,23950.34222074452,0.0,3,15573.959716184301,5.63268004315001,134904.61465340076,0,0,0.0,0.010039187653103736,0.04207362200113736,0.0,73080.59096791482,84612.9883924169,19528.482352882478,0.0,23298.39439400028,36.375759966443574,23334.77015396672,23334.77015396672,0.0,449.62383073275214
