,region,hazard,rp,hhid,helped_cat,affected_cat,province,pcwgt,ispoor,pcwgt_ae,pcsoc,axfin,has_ew,c,dk_private,dk_public,dk0,pc_fee,scale_fac_soc,di0_prv,di0_pub,di0,dc0_prv,dc0_pub,dc0,hh_reco_rate,welf_class,c_min,macro_multiplier,dc_npv_pre,help_received,dc_post_reco,dw,const,integ,t_start_prv_reco,dk_prv_t,sav_i,sav_f,sav_offset_to,di_prv_t,di_pub_t,di_t,dc_t,dc_net,sav_delta
1275883,NCR,EQ,1000,13762161510508,helped,a,NCR-4th Dist.,1126.374625,0,1126.374625,3268.7534637954045,0,1.0,89207.32800000001,227653.88168124837,6603.3088709102885,234257.19055215866,177.82777467408056,0.15158704352962088,73072.49889551825,2105.1621551256076,75177.66105064386,73072.49889551825,2105.1621551256076,75177.66105064386,0.0,3,15573.959716184301,5.63268004315001,423451.7110906575,0,0,0.0,0.00669622025196862,0.9210680791427984,0.0,227653.88168124837,105494.784665224,0.0,0.0,72628.17060544512,217.40871594205265,72845.57932138718,72845.57932138718,72850.79696647447,0.0
1281591,NCR,EQ,2000,13744931198005,helped,a,NCR-2nd Dist.,8010.57442,0,8010.57442,1292.97370493688,0,1.0,205620.6400000001,591796.2382339097,17076.932759982377,608873.1709938921,178.52450112688925,0.1657131456114814,188881.34898867246,5444.1967314765025,194325.54572014895,188881.34898867246,5444.1967314765025,194325.54572014895,0.0,3,15573.959716184301,5.63268004315001,1094573.6232521178,0,0,0.0,0.004410589531900311,4.229851741933491,0.0,591796.2382339097,84612.9883924169,3.410605131648481e-13,0.0,188689.21403933695,562.2444892638706,189251.4585286008,189251.4585286008,189262.8109549654,0.0
