,region,hazard,rp,hhid,helped_cat,affected_cat,province,pcwgt,ispoor,pcwgt_ae,pcsoc,axfin,has_ew,c,dk_private,dk_public,dk0,pc_fee,scale_fac_soc,di0_prv,di0_pub,di0,dc0_prv,dc0_pub,dc0,hh_reco_rate,welf_class,c_min,macro_multiplier,dc_npv_pre,help_received,dc_post_reco,dw,const,integ,t_start_prv_reco,dk_prv_t,sav_i,sav_f,sav_offset_to,di_prv_t,di_pub_t,di_t,dc_t,dc_net,sav_delta
1469810,NCR,SS,1000,137433814,helped,a,NCR-2nd Dist.,497.52653593422366,1,497.52653593422366,3891.372849835464,0,1.0,21122.601999999984,14935.060361649592,606.5811587486018,15541.641520398194,4.385889417323055,0.0029097111378097455,4772.681730877878,193.38058000515164,4966.06231088303,4772.681730877878,193.38058000515164,4966.06231088303,0.0,3,15573.959716184301,5.63268004315001,27972.240071550263,0,0,0.0,0.013761199395091761,0.40327836408597273,0.0,14935.060361649592,0.0,-4.385889417323055,0.0,4761.823321099546,7.930781962510563,4769.754103062057,4769.754103062057,4769.9171930087205,0.0
