,region,hazard,rp,hhid,helped_cat,affected_cat,province,pcwgt,ispoor,pcwgt_ae,pcsoc,axfin,has_ew,c,dk_private,dk_public,dk0,pc_fee,scale_fac_soc,di0_prv,di0_pub,di0,dc0_prv,dc0_pub,dc0,hh_reco_rate,welf_class,c_min,macro_multiplier,dc_npv_pre,help_received,dc_post_reco,dw,const,integ,t_start_prv_reco,dk_prv_t,sav_i,sav_f,sav_offset_to,di_prv_t,di_pub_t,di_t,dc_t,dc_net,sav_delta
1281068,NCR,EQ,2000,13391039098008,helped,a,Manila,2134.89377,0,2134.89377,6966.802784034541,0,1.0,133939.39,367751.958585605,10611.888118552008,378363.846704157,110.93807412642164,0.1657131456114814,118395.33487530188,3383.113784063105,121778.44865936498,118395.33487530188,3383.113784063105,121778.44865936498,0.0,3,15573.959716184301,5.63268004315001,685939.0374493733,0,0,0.0,0.005464819692544812,3.912606430145195,0.0,367751.958585605,37478.5862122045,0.0,0.0,117328.4807262251,256.80999350464816,117585.29071972975,117585.29071972975,117591.98218226216,0.0
1340324,NCR,HU,1000,1375119115385,helped,a,NCR-3rd Dist.,4825.258714999999,0,4825.258714999999,0.0,0,1.0,33355.48000000001,53219.89811001687,1489.2269538243468,54709.12506384122,126.66968402850941,0.08527237613135054,16966.723439881094,474.7717068627484,17441.495146743844,16966.723439881094,474.7717068627484,17441.495146743844,0.0,3,15573.959716184301,5.63268004315001,98242.36163576182,0,0,0.0,0.010950813893775769,0.035829311975027145,0.0,53219.89811001687,57285.595074487,15093.531825795948,0.0,16966.723439881094,36.03961520004816,17002.76305508114,17002.76305508114,0.0,327.6197145657017
1375784,NCR,PF,50,1374331818006,helped,a,NCR-2nd Dist.,2862.982011841471,0,2862.982011841471,1961.252126605977,0,1.0,24114.45299999999,24280.675461918952,779.0025890133955,25059.678050932347,19.60136599113492,0.01399388656771811,7768.225212916996,248.34924447654956,8016.574457393545,7768.225212916996,248.34924447654956,8016.574457393545,0.0,3,15573.959716184301,5.63268004315001,45154.79896058675,0,0,0.0,0.012879271195924075,0.021894124854530784,0.0,24280.675461918952,84612.9883924169,65353.87593130282,0.0,7742.863046416741,18.852031569659236,7761.7150779864005,7761.7150779864005,0.0,149.5591865870144
