,region,hazard,rp,hhid,helped_cat,affected_cat,province,pcwgt,ispoor,pcwgt_ae,pcsoc,axfin,has_ew,c,dk_private,dk_public,dk0,pc_fee,scale_fac_soc,di0_prv,di0_pub,di0,dc0_prv,dc0_pub,dc0,hh_reco_rate,welf_class,c_min,macro_multiplier,dc_npv_pre,help_received,dc_post_reco,dw,const,integ,t_start_prv_reco,dk_prv_t,sav_i,sav_f,sav_offset_to,di_prv_t,di_pub_t,di_t,dc_t,dc_net,sav_delta
1279388,NCR,EQ,2000,137611543266,helped,a,NCR-4th Dist.,9113.917815,0,9113.917815,8295.369713074375,0,1.0,115229.95,309715.68118210137,8937.187363750003,318652.8685458514,93.43053216967978,0.1657131456114814,100113.29081873466,2849.212263008939,102962.5030817436,100113.29081873466,2849.212263008939,102962.5030817436,0.0,3,15573.959716184301,5.63268004315001,579954.8363013086,0,0,0.0,0.005891790678016283,3.3888074786761164,0.0,309715.68118210137,105494.784665224,0.0,0.0,98783.39217908101,92.75896523521257,98876.15114431623,98876.15114431623,98878.82255163307,0.0
