,region,hazard,rp,hhid,helped_cat,affected_cat,province,pcwgt,ispoor,pcwgt_ae,pcsoc,axfin,has_ew,c,dk_private,dk_public,dk0,pc_fee,scale_fac_soc,di0_prv,di0_pub,di0,dc0_prv,dc0_pub,dc0,hh_reco_rate,welf_class,c_min,macro_multiplier,dc_npv_pre,help_received,dc_post_reco,dw,const,integ,t_start_prv_reco,dk_prv_t,sav_i,sav_f,sav_offset_to,di_prv_t,di_pub_t,di_t,dc_t,dc_net,sav_delta
1280294,NCR,EQ,2000,1374491358002,helped,a,NCR-2nd Dist.,1601.170375,0,1601.170375,0.0,0,1.0,217914.22000000003,631147.107937152,18212.44547965514,649359.5534168072,190.39530044735358,0.1657131456114814,201212.3061211747,5806.202878826282,207018.50900000098,201212.3061211747,5806.202878826282,207018.50900000098,0.0,3,15573.959716184301,5.63268004315001,1166069.0242069764,0,0,0.0,0.004284372372501607,5.875473600770053,0.0,631147.107937152,84612.9883924169,0.0,0.0,201212.3061211747,336.66924918003406,201548.97537035475,201548.97537035475,201555.51574366278,0.0
1333255,NCR,HU,500,137611018366,helped,a,NCR-4th Dist.,3021.7786199999996,0,3021.7786199999996,0.0,0,1.0,24181.641000000007,24518.0909284689,668.6856159855471,25186.77654445445,82.7006354692893,0.057922075832547465,7816.468704942763,213.17973760866553,8029.648442551428,7816.468704942763,213.17973760866553,8029.648442551428,0.0,3,15573.959716184301,5.63268004315001,45228.440535869995,0,0,0.0,0.012861366406397987,0.02186719955773227,0.0,24518.0909284689,105494.784665224,83924.94106489039,0.0,7816.468704942763,12.361101342641085,7828.829806285404,7828.829806285404,0.0,150.84913182509464
