,region,hazard,rp,hhid,helped_cat,affected_cat,province,pcwgt,ispoor,pcwgt_ae,pcsoc,axfin,has_ew,c,dk_private,dk_public,dk0,pc_fee,scale_fac_soc,di0_prv,di0_pub,di0,dc0_prv,dc0_pub,dc0,hh_reco_rate,welf_class,c_min,macro_multiplier,dc_npv_pre,help_received,dc_post_reco,dw,const,integ,t_start_prv_reco,dk_prv_t,sav_i,sav_f,sav_offset_to,di_prv_t,di_pub_t,di_t,dc_t,dc_net,sav_delta
1272955,NCR,EQ,1000,137436298008,helped,a,NCR-2nd Dist.,914.9544239999999,0,914.9544239999999,0.0,0,1.0,106639.43000000002,282491.0735463536,8193.911731816768,290684.9852781704,220.66287033215093,0.15158704352962088,90059.32159411594,2612.2529200852728,92671.57451420122,90059.32159411594,2612.2529200852728,92671.57451420122,0.0,3,15573.959716184301,5.63268004315001,521989.3283334303,0,0,0.0,0.006124506334086497,2.0685336512832437,0.0,282491.0735463536,84612.9883924169,0.0,0.0,90059.32159411594,222.55972150931217,90281.88131562526,90281.88131562526,90286.20491709924,0.0
1365532,NCR,PF,25,13751176674428,helped,a,NCR-3rd Dist.,579.2276160878928,1,579.2276160878928,0.0,0,0.0,19284.516000000003,9171.090220254433,287.49767512773695,9458.58789538217,19.00038543244541,0.012101182618213486,2923.781460227336,91.65544686721213,3015.436907094548,2923.781460227336,91.65544686721213,3015.436907094548,0.0,3,15573.959716184301,5.63268004315001,16984.991287969453,0,0,0.0,0.014402093428447973,0.1992352249803305,0.0,9171.090220254433,-12061.2506500995,-12080.251035531946,0.0,2923.781460227336,7.808895751530983,2931.590355978867,2931.590355978867,2931.7420570726345,0.0
