,region,hazard,rp,hhid,helped_cat,affected_cat,province,pcwgt,ispoor,pcwgt_ae,pcsoc,axfin,has_ew,c,dk_private,dk_public,dk0,pc_fee,scale_fac_soc,di0_prv,di0_pub,di0,dc0_prv,dc0_pub,dc0,hh_reco_rate,welf_class,c_min,macro_multiplier,dc_npv_pre,help_received,dc_post_reco,dw,const,integ,t_start_prv_reco,dk_prv_t,sav_i,sav_f,sav_offset_to,di_prv_t,di_pub_t,di_t,dc_t,dc_net,sav_delta
14874,ARMM,EQ,50,15382260168005,helped,a,Maguindanao,34.58832321305244,0,34.58832321305244,442.5965283297935,0,1.0,24988.916,26769.66847811008,3976.95307535847,30746.62155346855,0.7982825643148068,0.00013342870050335698,8534.339987119018,1267.8690745236822,9802.2090616427,8534.339987119018,1267.8690745236822,9802.2090616427,0.0,3,15573.959716184301,5.63268004315001,55212.70736029902,0,0,0.0,0.012651915628269285,0.026152135114639905,0.0,26769.66847811008,40771.049892329,19111.346956569796,0.0,8534.285590737682,100.01882177550118,8634.304412513182,8634.304412513182,0.0,166.40168668401654
94814,ARMM,PF,500,157738011204,helped,a,Basilan,28.81773956452011,0,28.81773956452011,0.0,0,0.0,28064.973000000005,36362.32987306412,4759.004407696358,41121.33428076048,0.4019289881677227,7.402807427012949e-05,11592.461024833969,1517.1902709705066,13109.651295804475,11592.461024833969,1517.1902709705066,13109.651295804475,0.0,3,15573.959716184301,5.63268004315001,73842.47122653354,0,0,0.0,0.011938442754414632,0.2509723273543107,0.0,36362.32987306412,19842.766362337,0.0,0.0,11592.461024833969,119.6871083622988,11712.148133196268,11712.148133196268,11714.473259030461,0.0
