,region,hazard,rp,hhid,helped_cat,affected_cat,province,pcwgt,ispoor,pcwgt_ae,pcsoc,axfin,has_ew,c,dk_private,dk_public,dk0,pc_fee,scale_fac_soc,di0_prv,di0_pub,di0,dc0_prv,dc0_pub,dc0,hh_reco_rate,welf_class,c_min,macro_multiplier,dc_npv_pre,help_received,dc_post_reco,dw,const,integ,t_start_prv_reco,dk_prv_t,sav_i,sav_f,sav_offset_to,di_prv_t,di_pub_t,di_t,dc_t,dc_net,sav_delta
1262472,NCR,EQ,250,1375117859297,helped,a,NCR-3rd Dist.,2778.87065,0,2778.87065,0.0,0,0.0,26189.43600000001,30767.771186309485,987.5246353476948,31755.29582165718,113.31134219709237,0.0674290925564553,9808.89259691012,314.826934530718,10123.719531440838,9808.89259691012,314.826934530718,10123.719531440838,0.0,3,15573.959716184301,5.63268004315001,57023.67296719478,0,0,0.0,0.012358533033499302,0.025741526879692608,0.0,30767.771186309485,57285.595074487,34336.55643327176,0.0,9808.89259691012,27.875023152794736,9836.767620062916,9836.767620062916,0.0,189.5435287060086
1274770,NCR,EQ,1000,1376119768001,helped,a,NCR-4th Dist.,1999.404865,0,1999.404865,9255.748551129991,0,1.0,56402.026999999995,124891.91673977069,3622.6041727126267,128514.52091248332,97.55709616983586,0.15158704352962088,41219.1107103033,1154.901180072081,42374.01189037538,41219.1107103033,1154.901180072081,42374.01189037538,0.0,3,15573.959716184301,5.63268004315001,238679.25112311865,0,0,0.0,0.008421367881238557,0.05412968243298649,0.0,124891.91673977069,105494.784665224,11683.595533529591,0.0,39940.28643474049,102.25585425747022,40042.54228899796,40042.54228899796,0.0,771.6173816859574
1280991,NCR,EQ,2000,1376520113656,helped,a,NCR-4th Dist.,2020.9967499999998,0,2020.9967499999998,0.0,0,1.0,220308.59000000008,638081.9454196785,18412.55785911859,656494.503278797,192.4873015821679,0.1657131456114814,203423.16096767056,5869.99953233047,209293.16050000102,203423.16096767056,5869.99953233047,209293.16050000102,0.0,3,15573.959716184301,5.63268004315001,1178881.4083161477,0,0,0.0,0.004261026941823825,4.631175252862423,0.0,638081.9454196785,105494.784665224,0.0,0.0,203423.16096767056,519.734352191016,203942.89531986156,203942.89531986156,203952.99204444396,0.0
