,region,hazard,rp,hhid,helped_cat,affected_cat,province,pcwgt,ispoor,pcwgt_ae,pcsoc,axfin,has_ew,c,dk_private,dk_public,dk0,pc_fee,scale_fac_soc,di0_prv,di0_pub,di0,dc0_prv,dc0_pub,dc0,hh_reco_rate,welf_class,c_min,macro_multiplier,dc_npv_pre,help_received,dc_post_reco,dw,const,integ,t_start_prv_reco,dk_prv_t,sav_i,sav_f,sav_offset_to,di_prv_t,di_pub_t,di_t,dc_t,dc_net,sav_delta
1273065,NCR,EQ,1000,137445315276,helped,a,NCR-2nd Dist.,3202.3405599999996,0,3202.3405599999996,0.0,0,1.0,64541.51200000001,151146.0574184188,4384.129514433709,155530.1869328525,202.03977263586665,0.1325202981453141,48185.98769102166,1397.6786058900134,49583.66629691167,48185.98769102166,1397.6786058900134,49583.66629691167,0.0,3,15573.959716184301,5.63268004315001,279288.92761682416,0,0,0.0,0.007872459371843247,3.4684664338069875,0.0,151146.0574184188,84612.9883924169,-1.1368683772161603e-13,0.0,48185.98769102166,2.7419634525197654,48188.729654474184,48188.729654474184,48188.78292178214,0.0
