,region,hazard,rp,hhid,helped_cat,affected_cat,province,pcwgt,ispoor,pcwgt_ae,pcsoc,axfin,has_ew,c,dk_private,dk_public,dk0,pc_fee,scale_fac_soc,di0_prv,di0_pub,di0,dc0_prv,dc0_pub,dc0,hh_reco_rate,welf_class,c_min,macro_multiplier,dc_npv_pre,help_received,dc_post_reco,dw,const,integ,t_start_prv_reco,dk_prv_t,sav_i,sav_f,sav_offset_to,di_prv_t,di_pub_t,di_t,dc_t,dc_net,sav_delta
1269788,NCR,EQ,500,13751281818002,helped,a,NCR-3rd Dist.,3294.6456949999997,0,3294.6456949999997,670.5135606394848,0,1.0,45783.801,92218.29762354612,2648.7520617389455,94867.04968528508,172.45293622324203,0.11694138063953664,29477.985140734923,844.4331028112391,30322.418243546163,29477.985140734923,844.4331028112391,30322.418243546163,0.0,3,15573.959716184301,5.63268004315001,170796.48010047025,0,0,0.0,0.009347039393483603,0.8188194967983459,0.0,92218.29762354612,57285.595074487,7.105427357601002e-15,0.0,29402.227247019622,28.56987567084344,29430.797122690466,29430.797122690466,29431.403678024304,0.0
