,region,hazard,rp,hhid,helped_cat,affected_cat,province,pcwgt,ispoor,pcwgt_ae,pcsoc,axfin,has_ew,c,dk_private,dk_public,dk0,pc_fee,scale_fac_soc,di0_prv,di0_pub,di0,dc0_prv,dc0_pub,dc0,hh_reco_rate,welf_class,c_min,macro_multiplier,dc_npv_pre,help_received,dc_post_reco,dw,const,integ,t_start_prv_reco,dk_prv_t,sav_i,sav_f,sav_offset_to,di_prv_t,di_pub_t,di_t,dc_t,dc_net,sav_delta
1339597,NCR,HU,1000,1339132048010,helped,a,Manila,6841.91577,0,6841.91577,1961.251936020253,0,1.0,34111.633,55637.80339741266,1556.8860410014881,57194.68943841415,110.77023462524896,0.08527237613135054,17904.802249872366,496.34170344478434,18401.14395331715,17904.802249872366,496.34170344478434,18401.14395331715,0.0,3,15573.959716184301,5.63268004315001,103647.75631698,0,0,0.0,0.010828760297330717,0.5116623832544333,0.0,55637.80339741266,37478.5862122045,1.4210854715202004e-14,0.0,17742.80078706645,15.548906320710092,17758.34969338716,17758.34969338716,17758.753536770026,0.0
