,region,hazard,rp,hhid,helped_cat,affected_cat,province,pcwgt,ispoor,pcwgt_ae,pcsoc,axfin,has_ew,c,dk_private,dk_public,dk0,pc_fee,scale_fac_soc,di0_prv,di0_pub,di0,dc0_prv,dc0_pub,dc0,hh_reco_rate,welf_class,c_min,macro_multiplier,dc_npv_pre,help_received,dc_post_reco,dw,const,integ,t_start_prv_reco,dk_prv_t,sav_i,sav_f,sav_offset_to,di_prv_t,di_pub_t,di_t,dc_t,dc_net,sav_delta
1227022,NCR,EQ,10,1376411658003,helped,a,NCR-4th Dist.,3.9562975676288823,0,3.9562975676288823,0.0,0,1.0,27708.92200000001,35467.73668727037,1015.7189870672299,36483.4556743376,0.06506986930015314,4.634237567909386e-05,11307.261020444861,323.8154103673911,11631.076430812253,11307.261020444861,323.8154103673911,11631.076430812253,0.0,3,15573.959716184301,5.63268004315001,65514.13209218863,0,0,0.0,0.012014900555441395,0.028144964722744942,0.0,35467.73668727037,105494.784665224,84885.1754972371,0.0,11307.261020444861,47.282126648893275,11354.543147093755,11354.543147093755,0.0,218.79502279184152
1434255,NCR,SS,30,13762261360,helped,a,NCR-4th Dist.,0.03600472999475431,0,0.03600472999475431,0.0,0,1.0,22479.154,18291.255372312473,6324.966993043793,24616.222365356265,0.004274296338144022,3.624646480608639e-07,5831.327798274259,2016.4256142600939,7847.753412534354,5831.327798274259,2016.4256142600939,7847.753412534354,0.0,3,15573.959716184301,5.63268004315001,44203.88403034464,0,0,0.0,0.013339514221150593,0.02307038047718096,0.0,18291.255372312473,105494.784665224,93500.84887451956,0.0,5831.327798274259,294.42975293654894,6125.757551210808,6125.757551210808,0.0,118.14021869742123
