,region,hazard,rp,hhid,helped_cat,affected_cat,province,pcwgt,ispoor,pcwgt_ae,pcsoc,axfin,has_ew,c,dk_private,dk_public,dk0,pc_fee,scale_fac_soc,di0_prv,di0_pub,di0,dc0_prv,dc0_pub,dc0,hh_reco_rate,welf_class,c_min,macro_multiplier,dc_npv_pre,help_received,dc_post_reco,dw,const,integ,t_start_prv_reco,dk_prv_t,sav_i,sav_f,sav_offset_to,di_prv_t,di_pub_t,di_t,dc_t,dc_net,sav_delta
55678,ARMM,HU,250,153631302069,helped,a,Lanao del Sur,12.568194117992148,1,12.568194117992148,1319.393505889976,0,1.0,17551.38699999999,3735.5123461719636,967.8684270746777,4703.380773246641,0.38659324171056714,4.065152499044281e-05,1190.9504077033066,308.5604541072575,1499.5108618105642,1190.9504077033066,308.5604541072575,1499.5108618105642,0.0,3,15573.959716184301,5.63268004315001,8446.264905807038,0,0,0.0,0.015096430588151943,0.0053594551829623084,0.0,3735.5123461719636,9068.35363117985,4545.860767057762,0.0,1190.8981061682334,7.6733902131955025,1198.571496381429,1198.571496381429,0.0,23.096735856670772
