,region,hazard,rp,hhid,helped_cat,affected_cat,province,pcwgt,ispoor,pcwgt_ae,pcsoc,axfin,has_ew,c,dk_private,dk_public,dk0,pc_fee,scale_fac_soc,di0_prv,di0_pub,di0,dc0_prv,dc0_pub,dc0,hh_reco_rate,welf_class,c_min,macro_multiplier,dc_npv_pre,help_received,dc_post_reco,dw,const,integ,t_start_prv_reco,dk_prv_t,sav_i,sav_f,sav_offset_to,di_prv_t,di_pub_t,di_t,dc_t,dc_net,sav_delta
1278535,NCR,EQ,2000,13754122135,helped,a,NCR-3rd Dist.,609.609794,0,609.609794,0.0,0,1.0,213607.95000000007,618674.8155989262,17852.5437366864,636527.3593356125,186.63284029006005,0.1657131456114814,197236.0877840675,5691.464715933549,202927.55250000104,197236.0877840675,5691.464715933549,202927.55250000104,0.0,3,15573.959716184301,5.63268004315001,1143025.975172032,0,0,0.0,0.004327342694925773,12.271407561819053,0.0,618674.8155989262,57285.595074487,0.0,0.0,197236.0877840675,17.718318930057173,197253.80610299757,197253.80610299757,197254.15031150627,0.0
1280212,NCR,EQ,2000,1374451128002,helped,a,NCR-2nd Dist.,680.1431805,0,680.1431805,0.0,0,1.0,213614.20000000004,618692.9175356635,17853.066088023763,636545.9836236872,186.63830101964308,0.1657131456114814,197241.8587563026,5691.631243698431,202933.49000000104,197241.8587563026,5691.631243698431,202933.49000000104,0.0,3,15573.959716184301,5.63268004315001,1143059.419209788,0,0,0.0,0.004327279388999305,11.775715345374243,0.0,618692.9175356635,84612.9883924169,0.0,0.0,197241.8587563026,17.71883735408265,197259.57759365666,197259.57759365666,197259.92181223666,0.0
