,region,hazard,rp,hhid,helped_cat,affected_cat,province,pcwgt,ispoor,pcwgt_ae,pcsoc,axfin,has_ew,c,dk_private,dk_public,dk0,pc_fee,scale_fac_soc,di0_prv,di0_pub,di0,dc0_prv,dc0_pub,dc0,hh_reco_rate,welf_class,c_min,macro_multiplier,dc_npv_pre,help_received,dc_post_reco,dw,const,integ,t_start_prv_reco,dk_prv_t,sav_i,sav_f,sav_offset_to,di_prv_t,di_pub_t,di_t,dc_t,dc_net,sav_delta
1267746,NCR,EQ,500,1339131038005,helped,a,Manila,5422.926989999999,0,5422.926989999999,0.0,0,1.0,46967.23400000002,96008.0412980015,2757.603467911648,98765.64476591314,179.53995085087288,0.11694138063953664,30607.76030312016,879.1353809094906,31486.895684029652,30607.76030312016,879.1353809094906,31486.895684029652,0.0,3,15573.959716184301,5.63268004315001,177355.60894018,0,0,0.0,0.009228529470888246,2.2170042234885763,0.0,96008.0412980015,37478.5862122045,0.0,0.0,30607.76030312016,5.471046544724035,30613.231349664886,30613.231349664886,30613.337634057876,0.0
