,region,hazard,rp,hhid,helped_cat,affected_cat,province,pcwgt,ispoor,pcwgt_ae,pcsoc,axfin,has_ew,c,dk_private,dk_public,dk0,pc_fee,scale_fac_soc,di0_prv,di0_pub,di0,dc0_prv,dc0_pub,dc0,hh_reco_rate,welf_class,c_min,macro_multiplier,dc_npv_pre,help_received,dc_post_reco,dw,const,integ,t_start_prv_reco,dk_prv_t,sav_i,sav_f,sav_offset_to,di_prv_t,di_pub_t,di_t,dc_t,dc_net,sav_delta
1270254,NCR,EQ,500,137511766738001,helped,a,NCR-3rd Dist.,2611.116705,0,2611.116705,1361.9805927058326,0,1.0,60786.91799999999,139282.26690120983,4000.5530477723332,143282.81994898216,145.47005430869115,0.10781010475477626,44550.59751936116,1275.3928432521964,45825.99036261335,44550.59751936116,1275.3928432521964,45825.99036261335,0.0,3,15573.959716184301,5.63268004315001,258123.14137307694,0,0,0.0,0.008111943804546376,2.0187725159047627,0.0,139282.26690120983,57285.595074487,-5.684341886080802e-14,0.0,44406.89286184963,27.192112828911114,44434.08497467854,44434.08497467854,44434.674045246225,0.0
