,region,hazard,rp,hhid,helped_cat,affected_cat,province,pcwgt,ispoor,pcwgt_ae,pcsoc,axfin,has_ew,c,dk_private,dk_public,dk0,pc_fee,scale_fac_soc,di0_prv,di0_pub,di0,dc0_prv,dc0_pub,dc0,hh_reco_rate,welf_class,c_min,macro_multiplier,dc_npv_pre,help_received,dc_post_reco,dw,const,integ,t_start_prv_reco,dk_prv_t,sav_i,sav_f,sav_offset_to,di_prv_t,di_pub_t,di_t,dc_t,dc_net,sav_delta
1262290,NCR,EQ,250,1374474112336,helped,a,NCR-2nd Dist.,5029.28005,0,5029.28005,0.0,0,1.0,26251.826000000005,30841.0679630829,989.8771740583161,31830.945137141214,113.5812790769731,0.0674290925564553,9832.259912232264,315.5769335931404,10147.836845825404,9832.259912232264,315.5769335931404,10147.836845825404,0.0,3,15573.959716184301,5.63268004315001,57159.5180826231,0,0,0.0,0.012343838673968236,0.025741526879692608,0.0,30841.0679630829,84612.9883924169,69982.53477380054,0.0,9832.259912232264,65.14976189951926,9897.409674131784,9897.409674131784,0.0,190.7259213712341
1268373,NCR,EQ,500,1375111818206,helped,a,NCR-3rd Dist.,3196.672955,0,3196.672955,0.0,0,1.0,47484.445000000014,97065.29783237139,2787.9706563912173,99853.26848876261,181.5170746797858,0.11694138063953664,30944.818055214673,888.8165660841502,31833.634621298825,30944.818055214673,888.8165660841502,31833.634621298825,0.0,3,15573.959716184301,5.63268004315001,179308.67843231914,0,0,0.0,0.009178132276269691,0.047433567403634455,0.0,97065.29783237139,57285.595074487,11486.184247310166,0.0,30944.818055214673,183.49309308958124,31128.311148304256,31128.311148304256,0.0,599.843464624557
1270082,NCR,EQ,500,133911970118005,helped,a,Manila,1162.42646,0,1162.42646,0.0,0,1.0,47492.21900000002,97081.18904949205,2788.427093944247,99869.6161434363,181.54679206910268,0.11694138063953664,30949.884240900563,888.9620802622087,31838.84632116277,30949.884240900563,888.9620802622087,31838.84632116277,0.0,3,15573.959716184301,5.63268004315001,179338.03427013368,0,0,0.0,0.009177381061419028,0.21882888096896508,0.0,97081.18904949205,37478.5862122045,2.842170943040401e-14,0.0,30949.884240900563,183.52313398625128,31133.407374886814,31133.407374886814,31136.97262419263,0.0
