,region,hazard,rp,hhid,helped_cat,affected_cat,province,pcwgt,ispoor,pcwgt_ae,pcsoc,axfin,has_ew,c,dk_private,dk_public,dk0,pc_fee,scale_fac_soc,di0_prv,di0_pub,di0,dc0_prv,dc0_pub,dc0,hh_reco_rate,welf_class,c_min,macro_multiplier,dc_npv_pre,help_received,dc_post_reco,dw,const,integ,t_start_prv_reco,dk_prv_t,sav_i,sav_f,sav_offset_to,di_prv_t,di_pub_t,di_t,dc_t,dc_net,sav_delta
1272892,NCR,EQ,1000,137426121083,helped,a,NCR-2nd Dist.,1888.611685,0,1888.611685,0.0,0,1.0,215654.80000000008,624512.1923571551,18114.546825771573,642626.7391829267,145.64546133416988,0.1325202981453141,199097.0676165828,5774.992383418241,204872.06000000105,199097.0676165828,5774.992383418241,204872.06000000105,0.0,3,15573.959716184301,5.63268004315001,1153978.7637610375,0,0,0.0,0.004306757623553554,6.942612095994597,0.0,624512.1923571551,84612.9883924169,-1.1368683772161603e-13,0.0,199097.0676165828,203.0516517178358,199300.11926830062,199300.11926830062,199304.06389230854,0.0
