,region,hazard,rp,hhid,helped_cat,affected_cat,province,pcwgt,ispoor,pcwgt_ae,pcsoc,axfin,has_ew,c,dk_private,dk_public,dk0,pc_fee,scale_fac_soc,di0_prv,di0_pub,di0,dc0_prv,dc0_pub,dc0,hh_reco_rate,welf_class,c_min,macro_multiplier,dc_npv_pre,help_received,dc_post_reco,dw,const,integ,t_start_prv_reco,dk_prv_t,sav_i,sav_f,sav_offset_to,di_prv_t,di_pub_t,di_t,dc_t,dc_net,sav_delta
1266360,NCR,EQ,500,13391151013,helped,a,Manila,1674.447485,0,1674.447485,0.0,0,1.0,65863.90600000003,154997.1935993802,4451.927076186702,159449.1206755669,159.06996425965997,0.10781010475477626,49413.74581969411,1419.292748739054,50833.03856843316,49413.74581969411,1419.292748739054,50833.03856843316,0.0,3,15573.959716184301,5.63268004315001,286326.24187708827,0,0,0.0,0.007793028318127668,1.7320451214022465,0.0,154997.1935993802,37478.5862122045,3.552713678800501e-15,0.0,49413.74581969411,95.99116631844164,49509.73698601255,49509.73698601255,49511.60177783278,0.0
1273330,NCR,EQ,1000,137541538004,helped,a,NCR-3rd Dist.,2286.036775,0,2286.036775,0.0,0,1.0,31128.49600000001,46254.960262802255,1341.6673907393492,47596.627653541604,215.5017834048388,0.1325202981453141,14746.272472737865,427.72910838581475,15174.001581123679,14746.272472737865,427.72910838581475,15174.001581123679,0.0,3,15573.959716184301,5.63268004315001,85470.29588072206,0,0,0.0,0.011335767419196025,0.03315114738248442,0.0,46254.960262802255,57285.595074487,18789.276226338414,0.0,14746.272472737865,28.92864493162454,14775.201117669489,14775.201117669489,0.0,284.69678431300866
1279300,NCR,EQ,2000,137539229504,helped,a,NCR-3rd Dist.,3781.2720799999997,0,3781.2720799999997,6348.826951771613,0,1.0,141095.72999999995,390268.7863250831,11261.636002084837,401530.42232716794,117.7306239593619,0.1657131456114814,125471.38588662977,3590.2560943088038,129061.64198093857,125471.38588662977,3590.2560943088038,129061.64198093857,0.0,3,15573.959716184301,5.63268004315001,726962.9351222042,0,0,0.0,0.005324429245798453,3.9438011924401932,0.0,390268.7863250831,57285.595074487,0.0,0.0,124490.45750809963,242.82014417446868,124733.2776522741,124733.2776522741,124739.37716768487,0.0
