,region,hazard,rp,hhid,helped_cat,affected_cat,province,pcwgt,ispoor,pcwgt_ae,pcsoc,axfin,has_ew,c,dk_private,dk_public,dk0,pc_fee,scale_fac_soc,di0_prv,di0_pub,di0,dc0_prv,dc0_pub,dc0,hh_reco_rate,welf_class,c_min,macro_multiplier,dc_npv_pre,help_received,dc_post_reco,dw,const,integ,t_start_prv_reco,dk_prv_t,sav_i,sav_f,sav_offset_to,di_prv_t,di_pub_t,di_t,dc_t,dc_net,sav_delta
1273727,NCR,EQ,1000,1339124007225,helped,a,Manila,2283.3377299999997,0,2283.3377299999997,2521.516357291788,0,1.0,94034.41400000002,242420.4320899523,7031.626159359011,249452.0582493113,189.36240250207922,0.15158704352962088,77666.86472234454,2241.7114766332606,79908.57619897781,77666.86472234454,2241.7114766332606,79908.57619897781,0.0,3,15573.959716184301,5.63268004315001,450099.4424325142,0,0,0.0,0.00652208695095546,1.8263726070676651,0.0,242420.4320899523,37478.5862122045,0.0,0.0,77340.44696970296,327.3250208450397,77667.77199054799,77667.77199054799,77675.21506888157,0.0
1275024,NCR,EQ,1000,1376620118001,helped,a,NCR-4th Dist.,456.66756499999997,0,456.66756499999997,0.0,0,1.0,107693.63000000002,285283.68121251016,8274.91386909077,293558.59508160094,222.8442660682698,0.15158704352962088,90949.61645807495,2638.0767361761305,93587.69319425107,90949.61645807495,2638.0767361761305,93587.69319425107,0.0,3,15573.959716184301,5.63268004315001,527149.5317397041,0,0,0.0,0.0060944565867050325,1.007835387523979,0.0,285283.68121251016,105494.784665224,0.0,0.0,90949.61645807495,385.2005629005103,91334.81702097546,91334.81702097546,91342.30019767176,0.0
