,region,hazard,rp,hhid,helped_cat,affected_cat,province,pcwgt,ispoor,pcwgt_ae,pcsoc,axfin,has_ew,c,dk_private,dk_public,dk0,pc_fee,scale_fac_soc,di0_prv,di0_pub,di0,dc0_prv,dc0_pub,dc0,hh_reco_rate,welf_class,c_min,macro_multiplier,dc_npv_pre,help_received,dc_post_reco,dw,const,integ,t_start_prv_reco,dk_prv_t,sav_i,sav_f,sav_offset_to,di_prv_t,di_pub_t,di_t,dc_t,dc_net,sav_delta
1267948,NCR,EQ,500,1374271113336,helped,a,NCR-2nd Dist.,6043.557239999999,0,6043.557239999999,0.0,0,1.0,46957.926,95989.01435576334,2757.0569640856106,98746.07131984895,179.50436949510205,0.11694138063953664,30601.694435308957,878.9611532314133,31480.65558854037,30601.694435308957,878.9611532314133,31480.65558854037,0.0,3,15573.959716184301,5.63268004315001,177320.46047885017,0,0,0.0,0.009229444065114624,1.5002817943335136,0.0,95989.01435576334,84612.9883924169,0.0,0.0,30601.694435308957,3.4469914769554486,30605.14142678591,30605.14142678591,30605.20839046348,0.0
