,region,hazard,rp,hhid,helped_cat,affected_cat,province,pcwgt,ispoor,pcwgt_ae,pcsoc,axfin,has_ew,c,dk_private,dk_public,dk0,pc_fee,scale_fac_soc,di0_prv,di0_pub,di0,dc0_prv,dc0_pub,dc0,hh_reco_rate,welf_class,c_min,macro_multiplier,dc_npv_pre,help_received,dc_post_reco,dw,const,integ,t_start_prv_reco,dk_prv_t,sav_i,sav_f,sav_offset_to,di_prv_t,di_pub_t,di_t,dc_t,dc_net,sav_delta
1266888,NCR,EQ,500,137423245185,helped,a,NCR-2nd Dist.,1611.767815,0,1611.767815,0.0,0,1.0,71812.39800000002,173459.34995423837,4982.208766147017,178441.5587203854,157.9442019621065,0.10781010475477626,55299.55755742391,1588.3487427995917,56887.906300223505,55299.55755742391,1588.3487427995917,56887.906300223505,0.0,3,15573.959716184301,5.63268004315001,320431.37451385666,0,0,0.0,0.007463289378065907,0.7190222642211721,0.0,173459.34995423837,84612.9883924169,0.0,0.0,55299.55755742391,157.8429722907133,55457.40052971463,55457.40052971463,55460.46689816183,0.0
