,region,hazard,rp,hhid,helped_cat,affected_cat,province,pcwgt,ispoor,pcwgt_ae,pcsoc,axfin,has_ew,c,dk_private,dk_public,dk0,pc_fee,scale_fac_soc,di0_prv,di0_pub,di0,dc0_prv,dc0_pub,dc0,hh_reco_rate,welf_class,c_min,macro_multiplier,dc_npv_pre,help_received,dc_post_reco,dw,const,integ,t_start_prv_reco,dk_prv_t,sav_i,sav_f,sav_offset_to,di_prv_t,di_pub_t,di_t,dc_t,dc_net,sav_delta
1233818,NCR,EQ,25,13751176674428,helped,a,NCR-3rd Dist.,81.88758346442786,1,81.88758346442786,0.0,0,0.0,19284.516000000003,9190.625213763045,195.4300466730964,9386.055260436142,1.8094868144503073,0.0016976705430858862,2930.0092968830045,62.303906461658386,2992.3132033446627,2930.0092968830045,62.303906461658386,2992.3132033446627,0.0,3,15573.959716184301,5.63268004315001,16854.742863333762,0,0,0.0,0.014402093428447973,0.27638444806326246,0.0,9190.625213763045,-12061.2506500995,-12063.060136913951,0.0,2930.0092968830045,1.8072171428072137,2931.8165140258116,2931.8165140258116,2931.851622295401,0.0
1272637,NCR,EQ,1000,13763639146,helped,a,NCR-4th Dist.,1111.54826,0,1111.54826,0.0,0,1.0,105665.50000000001,279911.1035365833,8119.077344076996,288030.1808806603,218.64757271378787,0.15158704352962088,89236.81649370273,2588.39540803313,91825.21190173586,89236.81649370273,2588.39540803313,91825.21190173586,0.0,3,15573.959716184301,5.63268004315001,517222.0385369284,0,0,0.0,0.006152666702391271,3.1101218953680307,0.0,279911.1035365833,105494.784665224,0.0,0.0,89236.81649370273,75.08024487420613,89311.89673857694,89311.89673857694,89313.35530014956,0.0
