,region,hazard,rp,hhid,helped_cat,affected_cat,province,pcwgt,ispoor,pcwgt_ae,pcsoc,axfin,has_ew,c,dk_private,dk_public,dk0,pc_fee,scale_fac_soc,di0_prv,di0_pub,di0,dc0_prv,dc0_pub,dc0,hh_reco_rate,welf_class,c_min,macro_multiplier,dc_npv_pre,help_received,dc_post_reco,dw,const,integ,t_start_prv_reco,dk_prv_t,sav_i,sav_f,sav_offset_to,di_prv_t,di_pub_t,di_t,dc_t,dc_net,sav_delta
403,ARMM,EQ,1,15764013210,helped,a,Basilan,1.1183757765238287,0,1.1183757765238287,0.0,0,1.0,25125.637000000006,27429.90746919445,3136.153136613581,30566.060605808034,0.016860630849190986,3.4060615503191615e-06,8744.767850725288,999.8185795854279,9744.586430310716,8744.767850725288,999.8185795854279,9744.586430310716,0.0,3,15573.959716184301,5.63268004315001,54888.13751476157,0,0,0.0,0.012617446012014467,0.28374924844355787,0.0,27429.90746919445,19842.766362337,0.0,0.0,8744.767850725288,27.90642811283788,8772.674278838125,8772.674278838125,8773.216408711869,0.0
70059,ARMM,PF,1,15661238016112,helped,a,Sulu,0.05291696717245795,0,0.05291696717245795,0.0,0,0.0,25523.717000000004,28708.522121755086,2095.5854978843636,30804.10761963945,0.0006145947537755512,1.8341155170911403e-07,9152.39548562474,668.0813163852608,9820.476802010002,9152.39548562474,668.0813163852608,9820.476802010002,0.0,3,15573.959716184301,5.63268004315001,55315.60369689937,0,0,0.0,0.012518665504338791,0.02561228284183732,0.0,28708.522121755086,38805.0499265029,6577.845650601935,0.0,9152.39548562474,18.647146202229976,9171.04263182697,9171.04263182697,0.0,176.7130035527299
88907,ARMM,PF,200,1566413027483,helped,a,Sulu,17.927538126730234,1,17.927538126730234,0.0,0,0.0,18308.328,6115.546732561061,658.053235223372,6773.599967784433,0.19059619664532262,3.8729113758136654e-05,1949.6615698236837,209.79009068513292,2159.4516605088165,1949.6615698236837,209.79009068513292,2159.4516605088165,0.0,3,15573.959716184301,5.63268004315001,12163.500272295163,0,0,0.0,0.01478106250414748,0.00744540143265609,0.0,6115.546732561061,10953.8735408688,4030.7120168868432,0.0,1949.6615698236837,5.855554401597489,1955.5171242252813,1955.5171242252813,0.0,37.68074910092438
