,region,hazard,rp,hhid,helped_cat,affected_cat,province,pcwgt,ispoor,pcwgt_ae,pcsoc,axfin,has_ew,c,dk_private,dk_public,dk0,pc_fee,scale_fac_soc,di0_prv,di0_pub,di0,dc0_prv,dc0_pub,dc0,hh_reco_rate,welf_class,c_min,macro_multiplier,dc_npv_pre,help_received,dc_post_reco,dw,const,integ,t_start_prv_reco,dk_prv_t,sav_i,sav_f,sav_offset_to,di_prv_t,di_pub_t,di_t,dc_t,dc_net,sav_delta
1428927,NCR,SS,25,137525718002,helped,a,NCR-3rd Dist.,0.04943783193339695,1,0.04943783193339695,0.0,0,1.0,18131.133000000005,5547.477530845384,1770.830713515232,7318.308244360615,0.0037106824477286956,3.0946278022325967e-07,1768.5587608649078,564.5481491330636,2333.1069099979713,1768.5587608649078,564.5481491330636,2333.1069099979713,0.0,3,15573.959716184301,5.63268004315001,13141.64473048096,0,0,0.0,0.014853114324632573,0.21139693371844684,0.0,5547.477530845384,-12061.2506500995,-12061.254360781948,0.0,1768.5587608649078,8.847160052648709,1777.4059209175564,1777.4059209175564,1777.5777920629048,0.0
