,region,hazard,rp,hhid,helped_cat,affected_cat,province,pcwgt,ispoor,pcwgt_ae,pcsoc,axfin,has_ew,c,dk_private,dk_public,dk0,pc_fee,scale_fac_soc,di0_prv,di0_pub,di0,dc0_prv,dc0_pub,dc0,hh_reco_rate,welf_class,c_min,macro_multiplier,dc_npv_pre,help_received,dc_post_reco,dw,const,integ,t_start_prv_reco,dk_prv_t,sav_i,sav_f,sav_offset_to,di_prv_t,di_pub_t,di_t,dc_t,dc_net,sav_delta
20152,ARMM,EQ,200,156612750856,helped,a,Sulu,150.01951992262647,1,150.01951992262647,0.0,0,1.0,21831.707000000006,17079.10092336157,3050.702075862569,20129.80299922414,4.590846506729155,0.0006261267271020051,5444.887950921366,972.5764283056603,6417.464379227026,5444.887950921366,972.5764283056603,6417.464379227026,0.0,3,15573.959716184301,5.63268004315001,36147.52353649814,0,0,0.0,0.013535869186868416,0.2045650179905001,0.0,17079.10092336157,10953.8735408688,0.0,0.0,5444.887950921366,32.90537467631339,5477.7933255976795,5477.7933255976795,5478.43256851858,0.0
47027,ARMM,HU,50,1566719026218,helped,a,Sulu,0.7423232472437897,0,0.7423232472437897,0.0,0,0.0,23708.576000000005,22860.680454932273,6087.604167074724,28948.284622007,0.021367527077866766,2.2371381350859316e-06,7288.079397005222,1940.753364478619,9228.832761483842,7288.079397005222,1940.753364478619,9228.832761483842,0.0,3,15573.959716184301,5.63268004315001,51983.06211717903,0,0,0.0,0.01298904617613848,0.02593602476386398,0.0,22860.680454932273,38805.0499265029,13350.096026525138,0.0,7288.079397005221,65.6619004469791,7353.7412974522,7353.7412974522,0.0,141.71516168883642
54121,ARMM,HU,200,153815261108004,helped,a,Maguindanao,7.651097818313788,1,7.651097818313788,0.0,0,1.0,21694.111000000008,16620.13232600165,3860.192927215027,20480.325253216677,0.2385847887488912,2.660991348199884e-05,5298.566865471369,1230.6454568035936,6529.212322274962,5298.566865471369,1230.6454568035936,6529.212322274962,0.0,3,15573.959716184301,5.63268004315001,36776.963945167314,0,0,0.0,0.013578727305469381,0.5027407456821753,0.0,16620.13232600165,0.0,-0.2385847887488912,0.0,5298.566865471369,41.636676225406546,5340.203541696776,5340.203541696776,5341.012405014357,0.0
