,region,hazard,rp,hhid,helped_cat,affected_cat,province,pcwgt,ispoor,pcwgt_ae,pcsoc,axfin,has_ew,c,dk_private,dk_public,dk0,pc_fee,scale_fac_soc,di0_prv,di0_pub,di0,dc0_prv,dc0_pub,dc0,hh_reco_rate,welf_class,c_min,macro_multiplier,dc_npv_pre,help_received,dc_post_reco,dw,const,integ,t_start_prv_reco,dk_prv_t,sav_i,sav_f,sav_offset_to,di_prv_t,di_pub_t,di_t,dc_t,dc_net,sav_delta
1279245,NCR,EQ,2000,137522173128,helped,a,NCR-3rd Dist.,1502.79246,0,1502.79246,5148.649664489266,0,1.0,162602.36000000002,456034.736568507,13159.384986692938,469194.1215551999,137.5699414470526,0.1657131456114814,146238.95743755496,4195.2663127349915,150434.22375028994,146238.95743755496,4195.2663127349915,150434.22375028994,0.0,3,15573.959716184301,5.63268004315001,847347.8499250214,0,0,0.0,0.004959827512736834,2.7038361401047752,0.0,456034.736568507,57285.595074487,0.0,0.0,145531.06928559585,714.5079488102076,146245.57723440605,146245.57723440605,146262.280676953,0.0
