,region,hazard,rp,hhid,helped_cat,affected_cat,province,pcwgt,ispoor,pcwgt_ae,pcsoc,axfin,has_ew,c,dk_private,dk_public,dk0,pc_fee,scale_fac_soc,di0_prv,di0_pub,di0,dc0_prv,dc0_pub,dc0,hh_reco_rate,welf_class,c_min,macro_multiplier,dc_npv_pre,help_received,dc_post_reco,dw,const,integ,t_start_prv_reco,dk_prv_t,sav_i,sav_f,sav_offset_to,di_prv_t,di_pub_t,di_t,dc_t,dc_net,sav_delta
1267992,NCR,EQ,500,1374320268001,helped,a,NCR-2nd Dist.,3202.3405599999996,0,3202.3405599999996,0.0,0,1.0,47046.15200000002,96169.36147715354,2762.237007763721,98931.59848491725,179.84162784213973,0.11694138063953664,30659.189842862736,880.6125725616668,31539.8024154244,30659.189842862736,880.6125725616668,31539.8024154244,0.0,3,15573.959716184301,5.63268004315001,177653.61563025552,0,0,0.0,0.009220785981395417,0.2892839414107103,0.0,96169.36147715354,84612.9883924169,2.842170943040401e-14,0.0,30659.189842862736,33.43982630045357,30692.62966916319,30692.62966916319,30693.279294716736,0.0
