,region,hazard,rp,hhid,helped_cat,affected_cat,province,pcwgt,ispoor,pcwgt_ae,pcsoc,axfin,has_ew,c,dk_private,dk_public,dk0,pc_fee,scale_fac_soc,di0_prv,di0_pub,di0,dc0_prv,dc0_pub,dc0,hh_reco_rate,welf_class,c_min,macro_multiplier,dc_npv_pre,help_received,dc_post_reco,dw,const,integ,t_start_prv_reco,dk_prv_t,sav_i,sav_f,sav_offset_to,di_prv_t,di_pub_t,di_t,dc_t,dc_net,sav_delta
1270176,NCR,EQ,500,137441391758007,helped,a,NCR-2nd Dist.,1523.034585,0,1523.034585,0.0,0,1.0,47119.41400000001,96319.1199475283,2766.5384649299262,99085.65841245823,180.1216838462731,0.11694138063953664,30706.93346207027,881.9838948813118,31588.91735695158,30706.93346207027,881.9838948813118,31588.91735695158,0.0,3,15573.959716184301,5.63268004315001,177930.26438121614,0,0,0.0,0.009213614881927802,0.047433567403634455,0.0,96319.1199475283,84612.9883924169,4725.83262720563,0.0,30706.93346207027,59.65130366441738,30766.584765734686,30766.584765734686,0.0,592.827429554108
1279300,NCR,EQ,2000,137539229504,helped,a,NCR-3rd Dist.,3781.2720799999997,0,3781.2720799999997,6348.826951771613,0,1.0,141095.72999999995,390268.7863250831,11261.636002084837,401530.42232716794,117.73062395936269,0.1657131456114814,125471.38588662977,3590.2560943088038,129061.64198093857,125471.38588662977,3590.2560943088038,129061.64198093857,0.0,3,15573.959716184301,5.63268004315001,726962.9351222042,0,0,0.0,0.005324429245798453,3.9438011924401932,0.0,390268.7863250831,57285.595074487,0.0,0.0,124490.45750809963,242.82014417446868,124733.2776522741,124733.2776522741,124739.37716768487,0.0
1351573,NCR,PF,1,1339133028003,helped,a,Manila,187.7772617334766,0,187.7772617334766,0.0,0,1.0,23660.10700000001,22872.360647288202,722.5551265163598,23594.91577380456,2.2436605216041783,0.0014452801134652586,7291.80309059475,230.35356017271198,7522.1566507674615,7291.80309059475,230.35356017271198,7522.1566507674615,0.0,3,15573.959716184301,5.63268004315001,42369.901648226005,0,0,0.0,0.013002343748798642,0.020876830746279492,0.0,22872.360647288202,37478.5862122045,18531.66436344527,0.0,7291.80309059475,15.579525031906835,7307.382615626657,7307.382615626657,0.0,140.80318447828216
