,region,hazard,rp,hhid,helped_cat,affected_cat,province,pcwgt,ispoor,pcwgt_ae,pcsoc,axfin,has_ew,c,dk_private,dk_public,dk0,pc_fee,scale_fac_soc,di0_prv,di0_pub,di0,dc0_prv,dc0_pub,dc0,hh_reco_rate,welf_class,c_min,macro_multiplier,dc_npv_pre,help_received,dc_post_reco,dw,const,integ,t_start_prv_reco,dk_prv_t,sav_i,sav_f,sav_offset_to,di_prv_t,di_pub_t,di_t,dc_t,dc_net,sav_delta
16247,ARMM,EQ,100,1576408128,helped,a,Basilan,110.94861281897197,0,110.94861281897197,0.0,0,1.0,23171.99200000001,21373.380424526033,3239.092861967634,24612.473286493667,2.170099817035192,0.00034290497586453333,6813.922001290855,1032.6361894096526,7846.558190700508,6813.922001290855,1032.6361894096526,7846.558190700508,0.0,3,15573.959716184301,5.63268004315001,44197.151728174,0,0,0.0,0.013138576397536617,0.3818976810600267,0.0,21373.380424526033,19842.766362337,-5.329070518200751e-15,0.0,6813.922001290855,5.1014064940686445,6819.023407784924,6819.023407784924,6819.1225112906595,0.0
48680,ARMM,HU,100,157640347,helped,a,Basilan,2.8337109279346797,0,2.8337109279346797,0.0,0,1.0,24290.74000000001,24876.84540613619,4096.982447295463,28973.827853431656,0.0614986130141379,9.210472994015062e-06,7930.841114916511,1306.1349342986805,9236.97604921519,7930.841114916511,1306.1349342986805,9236.97604921519,0.0,3,15573.959716184301,5.63268004315001,52028.93065146903,0,0,0.0,0.0128324512458021,0.5169686996440841,0.0,24876.84540613619,19842.766362337,0.0,0.0,7930.841114916511,6.452538952533176,7937.293653869045,7937.293653869045,7937.419005422942,0.0
