,region,hazard,rp,hhid,helped_cat,affected_cat,province,pcwgt,ispoor,pcwgt_ae,pcsoc,axfin,has_ew,c,dk_private,dk_public,dk0,pc_fee,scale_fac_soc,di0_prv,di0_pub,di0,dc0_prv,dc0_pub,dc0,hh_reco_rate,welf_class,c_min,macro_multiplier,dc_npv_pre,help_received,dc_post_reco,dw,const,integ,t_start_prv_reco,dk_prv_t,sav_i,sav_f,sav_offset_to,di_prv_t,di_pub_t,di_t,dc_t,dc_net,sav_delta
1269385,NCR,EQ,500,13744109118380,helped,a,NCR-2nd Dist.,2895.64617,0,2895.64617,0.0,0,1.0,44849.42200000001,89236.1887132025,2563.0980502449625,91799.28676344747,164.91767157902586,0.10781010475477626,28448.865715527878,817.126249995952,29265.99196552383,28448.865715527878,817.126249995952,29265.99196552383,0.0,3,15573.959716184301,5.63268004315001,164845.9688871946,0,0,0.0,0.009443904146890506,0.04598760828880895,0.0,89236.1887132025,84612.9883924169,6209.226832859149,0.0,28448.865715527878,47.38058362973451,28496.246299157614,28496.246299157614,0.0,549.0783573729268
1280294,NCR,EQ,2000,1374491358002,helped,a,NCR-2nd Dist.,1601.170375,0,1601.170375,0.0,0,1.0,217914.22000000003,631147.107937152,18212.44547965514,649359.5534168072,190.3953004473523,0.1657131456114814,201212.3061211747,5806.202878826282,207018.50900000098,201212.3061211747,5806.202878826282,207018.50900000098,0.0,3,15573.959716184301,5.63268004315001,1166069.0242069764,0,0,0.0,0.004284372372501607,5.875473600770053,0.0,631147.107937152,84612.9883924169,0.0,0.0,201212.3061211747,336.66924918003406,201548.97537035475,201548.97537035475,201555.51574366278,0.0
